1,1,ACADEMY ACADEMY,DAN LAW,25.99,0,960,1
2,15,ACADEMY ACE,NICOLE SMITH,12.99,0,1421,2
3,5,ACADEMY ADAPTATION,BOB ALLEN,16.99,0,332,3
4,8,ACADEMY AFFAIR,ADAM BRIDGES, 9.99,0,1064,2
5,10,ACADEMY AFRICAN,CHRISTIAN MARX,22.99,0,705,0
6,10,ACADEMY AGENT,RENEE RUSH,19.99,0,1752,2
7,16,ACADEMY AIRPLANE,KATE WALKEN,11.99,0,471,3
8,4,ACADEMY AIRPORT,ROSIE ROBERTS,29.99,1,1223,1
9,5,ACADEMY ALABAMA,ROSIE DUNST, 9.99,0,186,2
10,1,ACADEMY ALADDIN,SUSAN AKROYD,14.99,0,1176,2
11,14,ACADEMY ALAMO,JOE PFEIFFER,13.99,0,937,1
12,16,ACADEMY ALASKA,BURT PITT,21.99,0,1470,2
13,10,ACADEMY ALI,CHARLTON GARCIA,13.99,0,1606,2
14,16,ACADEMY ALICE,GREGORY POSEY,12.99,0,984,0
15,12,ACADEMY ALIEN,CHARLIZE JOLIE,28.99,0,1811,2
16,5,ACADEMY ALLEY,AUDREY HECHE,29.99,0,307,3
17,14,ACADEMY ALONE,DAN LOREN,12.99,0,951,0
18,9,ACADEMY ALTER,HUMPHREY PHOENIX,14.99,0,1365,3
19,12,ACADEMY AMADEUS,CARMEN HURT,16.99,0,71,2
20,11,ACADEMY AMELIE,BRUCE HECHE,28.99,0,1100,1
21,8,ACADEMY AMERICAN,RUBY GIBSON,15.99,0,544,3
22,5,ACADEMY AMISTAD,KIRSTEN PINKETT,13.99,0,1679,1
23,9,ACADEMY ANACONDA,ALEC TOMEI,29.99,0,102,2
24,4,ACADEMY ANALYZE,LUCILLE STALLONE,22.99,0,1685,0
25,2,ACADEMY ANGELS,GENE PITT,28.99,0,673,0
26,12,ACADEMY ANNIE,MILLA SORVINO,21.99,0,506,0
27,1,ACADEMY ANONYMOUS,RICHARD BENING,26.99,0,232,2
28,1,ACADEMY ANTHEM,JENNIFER BRANDO,24.99,0,1087,0
29,7,ACADEMY ANTITRUST,MICHAEL DAFOE,15.99,0,465,2
30,9,ACADEMY ANYTHING,CHRIS MCGREGOR,19.99,0,1392,3
31,4,ACADEMY APACHE,CLARK FORD,29.99,0,1996,0
32,11,ACADEMY APOCALYPSE,JANE BLOOM,28.99,0,1790,1
33,4,ACADEMY APOLLO,IAN RICKMAN,13.99,0,1209,1
34,8,ACADEMY ARABIA,MADELINE MANSFIELD,26.99,0,1250,2
35,10,ACADEMY ARACHNOPHOBIA,CLINT GOLDBERG,24.99,0,1811,0
36,4,ACADEMY ARGONAUTS,MICHAEL MARTIN,21.99,0,989,0
37,12,ACADEMY ARIZONA,LIZA MATTHAU,23.99,0,299,2
38,14,ACADEMY ARK,LISA TYLER,24.99,0,1336,3
39,6,ACADEMY ARMAGEDDON,GARY LEIGH,12.99,0,1739,3
40,12,ACADEMY ARMY,GLENN CHAPLIN,10.99,0,1282,3
41,9,ACADEMY ARSENIC,HUMPHREY HOPE,15.99,0,1003,0
42,6,ACADEMY ARTIST,GENE PINKETT,26.99,0,1747,2
43,5,ACADEMY ATLANTIS,CARRIE WAYNE,10.99,0,1050,2
44,16,ACADEMY ATTACKS,SEAN BERGMAN,22.99,0,210,2
45,4,ACADEMY ATTRACTION,SUSAN DUKAKIS,20.99,0,230,1
46,7,ACADEMY AUTUMN,RAY JOHANSSON,19.99,0,1377,2
47,10,ACADEMY BABY,ADRIEN HACKMAN,23.99,0,1247,3
48,8,ACADEMY BACKLASH,JON POITIER,16.99,0,1106,1
49,16,ACADEMY BADMAN,CLARK MCKELLEN,16.99,0,1487,3
50,10,ACADEMY BAKED,GLENN BACALL,10.99,0,264,3
51,14,ACADEMY BALLOON,MORGAN MANSFIELD,26.99,0,253,2
52,10,ACADEMY BALLROOM,ANTHONY DAY,12.99,0,682,1
53,6,ACADEMY BANG,RENEE MOSTEL,25.99,0,1223,3
54,15,ACADEMY BANGER,MADELINE CAMPBELL,17.99,0,274,3
55,2,ACADEMY BARBARELLA,LANA HECHE,15.99,0,452,1
56,2,ACADEMY BAREFOOT,CARY SARANDON,14.99,0,1791,3
57,12,ACADEMY BASIC,GWYNETH MCCONAUGHEY,26.99,0,1728,0
58,4,ACADEMY BEACH,WILLIAM KINNEAR,10.99,0,1050,1
59,2,ACADEMY BEAR,SIGOURNEY DERN,13.99,0,251,3
60,2,ACADEMY BEAST,ANNE BARRYMORE,16.99,0,798,1
61,16,ACADEMY BEAUTY,KARL SPACEK,26.99,0,796,1
62,1,ACADEMY BED,VIVIEN KELLY,17.99,0,1172,1
63,11,ACADEMY BEDAZZLED,JANE WEAVER,27.99,0,1882,2
64,13,ACADEMY BEETHOVEN,CHARLES LOLLOBRIGIDA,13.99,0,9,1
65,2,ACADEMY BEHAVIOR,SALLY MOORE,10.99,0,1325,2
66,13,ACADEMY BENEATH,MENA KIDMAN,11.99,0,1456,3
67,1,ACADEMY BERETS,MARILYN TAUTOU,23.99,0,1104,3
68,1,ACADEMY BETRAYED,CHARLIZE DIETRICH,29.99,0,585,3
69,6,ACADEMY BEVERLY,DENZEL ODONNELL,12.99,0,1043,3
70,2,ACADEMY BIKINI,JAYNE TRACY,10.99,0,344,3
71,13,ACADEMY BILKO,DENNIS TAYLOR,18.99,0,1502,0
72,7,ACADEMY BILL,WOODY FIELD, 9.99,0,379,0
73,3,ACADEMY BINGO,SIDNEY MCDORMAND,28.99,0,1560,2
74,11,ACADEMY BIRCH,JEREMY TURNER,28.99,0,302,2
75,10,ACADEMY BIRD,UMA HAYEK,20.99,0,1073,1
76,7,ACADEMY BIRDCAGE,ANDY GABLE,25.99,0,141,1
77,10,ACADEMY BIRDS,DANIEL BERGMAN,12.99,0,909,2
78,12,ACADEMY BLACKOUT,MEL HOFFMAN,17.99,0,1185,0
79,16,ACADEMY BLADE,HILARY TEMPLE,29.99,0,1792,2
80,8,ACADEMY BLANKET,MILLA MCGREGOR,10.99,0,521,1
81,15,ACADEMY BLINDNESS,NATALIE PECK,27.99,0,795,3
82,5,ACADEMY BLOOD,LANA GRANT,16.99,0,1491,2
83,12,ACADEMY BLUES,DARYL CAINE,14.99,0,1823,1
84,9,ACADEMY BOILED,SPENCER BRANAGH,13.99,0,1310,1
85,12,ACADEMY BONNIE,BELA BLOOM,10.99,0,711,1
86,12,ACADEMY BOOGIE,HILARY CAMPBELL,10.99,0,1450,0
87,12,ACADEMY BOONDOCK,MARLENE MCCONAUGHEY,20.99,0,1091,0
88,16,ACADEMY BORN,WHOOPI HORNE,24.99,0,1360,2
89,6,ACADEMY BORROWERS,ANGELINA GRANT,26.99,0,122,1
90,13,ACADEMY BOULEVARD,GINA DAVIS,19.99,0,880,2
91,10,ACADEMY BOUND,HUME PRESLEY,16.99,0,1885,2
92,16,ACADEMY BOWFINGER,KIRK BASINGER,27.99,0,613,1
93,1,ACADEMY BRANNIGAN,HILARY MATTHAU, 9.99,0,912,3
94,15,ACADEMY BRAVEHEART,NATALIE HANNAH,21.99,0,1751,2
95,10,ACADEMY BREAKFAST,RAY BERRY,18.99,0,1179,2
96,14,ACADEMY BREAKING,GREG NEWMAN, 9.99,0,684,0
97,13,ACADEMY BRIDE,SANDRA GIBSON,11.99,0,1258,3
98,3,ACADEMY BRIGHT,SOPHIA KILMER,25.99,0,395,3
99,13,ACADEMY BRINGING,RUBY WEST,27.99,0,371,2
100,5,ACADEMY BROOKLYN,NEVE DEPP,25.99,0,1428,1
101,2,ACADEMY BROTHERHOOD,SALLY SARANDON,11.99,0,1147,1
102,13,ACADEMY BUBBLE,NATALIE CRUISE,29.99,0,1296,2
103,3,ACADEMY BUCKET,ETHAN BERGMAN,23.99,0,1114,1
104,13,ACADEMY BUGSY,MAE DEE,13.99,0,1943,1
105,1,ACADEMY BULL,CHARLTON RICKMAN, 9.99,0,698,2
106,6,ACADEMY BULWORTH,INGRID HAWKE,10.99,0,1399,1
107,11,ACADEMY BUNCH,KATE TEMPLE,20.99,0,932,1
108,7,ACADEMY BUTCH,JOHN TANDY,10.99,0,1419,3
109,14,ACADEMY BUTTERFLY,FRANCES SUVARI,27.99,0,1494,3
110,13,ACADEMY CABIN,SPENCER TAYLOR,28.99,0,881,0
111,6,ACADEMY CADDYSHACK,JADA SMITH,12.99,0,1315,3
112,2,ACADEMY CALENDAR,HENRY BLANCHETT,23.99,0,309,0
113,1,ACADEMY CALIFORNIA,ALAN FREEMAN,29.99,0,108,3
114,11,ACADEMY CAMELOT,ALBERT HEPBURN,14.99,0,1308,3
115,1,ACADEMY CAMPUS,CATE SOBIESKI,22.99,0,1967,1
116,4,ACADEMY CANDIDATE,PENELOPE EASTWOOD,16.99,0,1217,0
117,16,ACADEMY CANDLES,CHARLTON PRESLEY,18.99,0,1998,3
118,11,ACADEMY CANYON,VAL MCDORMAND,23.99,0,1135,1
119,9,ACADEMY CAPER,EDWARD PECK,20.99,0,1905,2
120,13,ACADEMY CARIBBEAN,JEFF MCDORMAND,25.99,0,1978,0
121,11,ACADEMY CAROL,LEELEE TURNER,28.99,0,979,1
122,15,ACADEMY CARRIE,CLINT WAYNE,14.99,0,1461,3
123,11,ACADEMY CASABLANCA,MARILYN BALL, 9.99,0,1089,1
124,1,ACADEMY CASPER,CARRIE ZELLWEGER,21.99,0,346,2
125,6,ACADEMY CASSIDY,MARLENE FIENNES,17.99,0,444,2
126,3,ACADEMY CASUALTIES,JUDI JOHANSSON,25.99,0,10,1
127,7,ACADEMY CAT,ROBERT BULLOCK,24.99,0,1287,2
128,9,ACADEMY CATCH,NICK PHOENIX,29.99,0,727,0
129,15,ACADEMY CAUSE,JENNIFER SMITH,11.99,0,1523,0
130,7,ACADEMY CELEBRITY,ANTHONY WATSON,12.99,0,234,2
131,2,ACADEMY CENTER,LAUREN MCCONAUGHEY,23.99,0,1832,2
132,5,ACADEMY CHAINSAW,HARVEY SARANDON,29.99,0,409,0
133,7,ACADEMY CHAMBER,LAUREN CRONYN,13.99,0,381,1
134,5,ACADEMY CHAMPION,DANIEL BRODY, 9.99,0,1523,3
135,1,ACADEMY CHANCE,JADA HOPE,25.99,0,990,2
136,4,ACADEMY CHAPLIN,BOB LANSBURY,28.99,0,1714,0
137,8,ACADEMY CHARADE,NICOLE MCKELLEN,24.99,0,1820,3
138,4,ACADEMY CHARIOTS,ANJELICA LANCASTER,19.99,0,1409,0
139,12,ACADEMY CHASING,STEVE LANCASTER,27.99,0,611,1
140,8,ACADEMY CHEAPER,MARLENE BASINGER, 9.99,0,1513,0
141,3,ACADEMY CHICAGO,MATTHEW BEATTY, 9.99,0,1396,3
142,7,ACADEMY CHICKEN,MAE WITHERSPOON,15.99,0,1749,0
143,2,ACADEMY CHILL,CHARLES CAMPBELL,28.99,0,748,3
144,1,ACADEMY CHINATOWN,DUSTIN SILVERSTONE,27.99,0,539,0
145,4,ACADEMY CHISUM,SCARLETT STREEP,27.99,0,1219,0
146,3,ACADEMY CHITTY,GROUCHO CRONYN,18.99,0,1789,2
147,9,ACADEMY CHOCOLAT,JULIANNE TYLER,24.99,1,1939,3
148,14,ACADEMY CHOCOLATE,HARRISON CARREY,14.99,0,1948,2
149,12,ACADEMY CHRISTMAS,MARISA BAILEY,26.99,0,1637,0
150,12,ACADEMY CIDER,MARISA GOLDBERG,28.99,0,65,3
151,8,ACADEMY CINCINATTI,DORIS AKROYD,17.99,0,1839,2
152,4,ACADEMY CIRCUS,SPENCER POSEY,13.99,0,1543,0
153,9,ACADEMY CITIZEN,RUSSELL SARANDON,15.99,0,1984,3
154,11,ACADEMY CLASH,RIP DEAN,16.99,0,70,2
155,7,ACADEMY CLEOPATRA,GINA BRIDGES,27.99,0,1881,0
156,14,ACADEMY CLERKS,JEFF TOMEI,13.99,0,1121,2
157,7,ACADEMY CLOCKWORK,SALMA ANISTON,11.99,0,584,2
158,9,ACADEMY CLONES,LIAM WILLIAMS,25.99,0,1637,2
159,3,ACADEMY CLOSER,ALBERT KEATON, 9.99,0,668,3
160,8,ACADEMY CLUB,ANJELICA RICKMAN,22.99,0,1365,3
161,9,ACADEMY CLUE,EMILY PALTROW,26.99,0,1195,1
162,14,ACADEMY CLUELESS,NICOLE HORNE,16.99,0,954,2
163,7,ACADEMY CLYDE,ALEC GOODING,15.99,0,1768,1
164,15,ACADEMY COAST,KARL GOODING, 9.99,0,1731,1
165,12,ACADEMY COLDBLOODED,LEONARDO FONDA,19.99,0,79,1
166,4,ACADEMY COLOR,SALLY WATSON,29.99,0,1168,0
167,7,ACADEMY COMA,JON FAWCETT,10.99,0,609,3
168,15,ACADEMY COMANCHEROS,DENZEL LUGOSI,14.99,0,1749,1
169,5,ACADEMY COMFORTS,SANDRA PFEIFFER,13.99,0,894,3
170,10,ACADEMY COMMAND,ZERO BACALL,10.99,0,514,0
171,2,ACADEMY COMMANDMENTS,JOHNNY DEE,29.99,0,160,1
172,5,ACADEMY CONEHEADS,JOHNNY KEATON,17.99,0,1203,1
173,8,ACADEMY CONFESSIONS,VIVIEN HANNAH,20.99,0,1589,3
174,10,ACADEMY CONFIDENTIAL,GEOFFREY TAYLOR,28.99,0,1887,2
175,3,ACADEMY CONFUSED,JOAN ROBBINS,12.99,0,84,1
176,14,ACADEMY CONGENIALITY,AL CAINE,13.99,0,1595,3
177,11,ACADEMY CONNECTICUT,PENELOPE DUNST,28.99,0,486,1
178,1,ACADEMY CONNECTION,ALICIA BERRY,16.99,0,820,0
179,5,ACADEMY CONQUERER,NICOLAS CRONYN,11.99,0,1052,1
180,13,ACADEMY CONSPIRACY,SISSY CHASE,11.99,0,363,3
181,4,ACADEMY CONTACT,GREGORY LEWIS,20.99,0,1742,3
182,16,ACADEMY CONTROL,CHARLTON BRANAGH,20.99,0,1791,0
183,14,ACADEMY CONVERSATION,HENRY SMITH,20.99,0,902,1
184,16,ACADEMY CORE,NATALIE WITHERSPOON,21.99,0,264,0
185,10,ACADEMY COWBOY,GROUCHO IRONS,13.99,0,1384,3
186,11,ACADEMY CRAFT,DUSTIN WITHERSPOON,19.99,0,1797,1
187,6,ACADEMY CRANES,LANA KILMER,16.99,0,339,1
188,4,ACADEMY CRAZY,NICK WAHLBERG,25.99,0,1374,1
189,13,ACADEMY CREATURES,MORGAN BENING,27.99,0,89,1
190,1,ACADEMY CREEPERS,LIV SPACEK,20.99,0,1138,3
191,11,ACADEMY CROOKED,OPRAH OLIVIER,27.99,0,847,3
192,1,ACADEMY CROSSING,ANGELA HESTON,19.99,0,137,0
193,16,ACADEMY CROSSROADS,LIV JOVOVICH,10.99,0,1912,3
194,6,ACADEMY CROW,FAY DENCH,10.99,1,345,0
195,4,ACADEMY CROWDS,RALPH EASTWOOD,22.99,0,526,0
196,4,ACADEMY CRUELTY,CLARK LAW,22.99,0,908,3
197,6,ACADEMY CRUSADE,FARRAH BEATTY,23.99,0,1136,3
198,2,ACADEMY CRYSTAL,ZERO RYDER,22.99,0,1190,2
199,4,ACADEMY CUPBOARD,DREW WINSLET, 9.99,0,511,1
200,13,ACADEMY CURTAIN,SOPHIA DIETRICH,16.99,0,413,0
201,10,ACADEMY CYCLONE,GWYNETH GABLE,23.99,0,448,3
202,6,ACADEMY DADDY,MATT WEST,13.99,0,711,2
203,5,ACADEMY DAISY,BRAD DAY,11.99,0,1688,2
204,14,ACADEMY DALMATIONS,JOHNNY AKROYD,21.99,0,582,2
205,12,ACADEMY DANCES,STEVE TAYLOR,26.99,0,610,3
206,3,ACADEMY DANCING,MENA KINNEAR,17.99,1,204,1
207,1,ACADEMY DANGEROUS,ELLEN NORTON,12.99,0,378,3
208,13,ACADEMY DARES,JOE BARRYMORE,10.99,0,170,2
209,16,ACADEMY DARKNESS,SEAN LEWIS,17.99,0,827,2
210,14,ACADEMY DARKO,FARRAH WEAVER, 9.99,0,99,2
211,7,ACADEMY DARLING,LEONARDO WEST,13.99,0,682,2
212,13,ACADEMY DARN,BURT AFFLECK,17.99,0,634,3
213,14,ACADEMY DATE,DANIEL FIELD,20.99,0,1991,1
214,6,ACADEMY DAUGHTER,HELEN HAWN,21.99,0,675,1
215,16,ACADEMY DAWN,INGRID JOVOVICH,21.99,0,168,0
216,4,ACADEMY DAY,GEOFFREY BLANCHETT,18.99,0,666,0
217,10,ACADEMY DAZED,FARRAH CAMPBELL,26.99,0,1989,0
218,2,ACADEMY DECEIVER,ELVIS KEATON, 9.99,0,1542,0
219,16,ACADEMY DEEP,SOPHIA GARLAND,19.99,0,606,1
220,5,ACADEMY DEER,ORLANDO HAWKE,26.99,0,855,2
221,12,ACADEMY DELIVERANCE,BEN BLOOM,24.99,0,1276,1
222,8,ACADEMY DESERT,INGRID BLOOM,12.99,0,1827,0
223,5,ACADEMY DESIRE,GREG CHAPLIN,12.99,0,412,0
224,6,ACADEMY DESPERATE,JUDE BERGEN,29.99,0,893,3
225,3,ACADEMY DESTINATION,JOAN HUSTON,23.99,0,1874,1
226,5,ACADEMY DESTINY,RITA SMITH,22.99,0,15,1
227,5,ACADEMY DETAILS,SALLY WEST,19.99,0,513,3
228,8,ACADEMY DETECTIVE,ROBERT BLOOM,10.99,0,768,2
229,9,ACADEMY DEVIL,CHARLES HEPBURN,29.99,0,11,3
230,7,ACADEMY DIARY,CUBA PRESLEY,11.99,0,1356,2
231,14,ACADEMY DINOSAUR,ETHAN SPACEK,19.99,0,298,3
232,9,ACADEMY DIRTY,ANTHONY DAY-LEWIS,13.99,0,386,0
233,16,ACADEMY DISCIPLE,NICK MALDEN,15.99,0,1573,3
234,15,ACADEMY DISTURBING,ELLEN STALLONE,11.99,0,1808,0
235,15,ACADEMY DIVIDE,WALTER GARBO,17.99,0,1370,3
236,7,ACADEMY DIVINE,MATTHEW HEPBURN,14.99,0,1056,3
237,13,ACADEMY DIVORCE,JOHN POITIER,26.99,0,558,1
238,1,ACADEMY DOCTOR,ORLANDO TYLER,16.99,0,423,1
239,1,ACADEMY DOGMA,EDWARD THERON,17.99,0,1751,2
240,13,ACADEMY DOLLS,JENNIFER CRUZ,24.99,0,1273,3
241,3,ACADEMY DONNIE,WARREN FINNEY,23.99,0,1726,0
242,12,ACADEMY DOOM,CARY BALE,10.99,0,1138,2
243,4,ACADEMY DOORS,FRED BERRY,10.99,0,268,1
244,14,ACADEMY DORADO,EMILY JOVOVICH,29.99,0,244,1
245,12,ACADEMY DOUBLE,FRANCES HUNT,16.99,0,1623,2
246,2,ACADEMY DOUBTFIRE,KEVIN SOBIESKI,11.99,0,1894,2
247,8,ACADEMY DOWNHILL,SUSAN HOPKINS,20.99,0,1769,2
248,2,ACADEMY DOZEN,CAMERON JOVOVICH,14.99,0,1583,1
249,14,ACADEMY DRACULA,JESSICA PITT,16.99,0,1172,1
250,11,ACADEMY DRAGON,JOE LANSBURY,26.99,0,20,0
251,1,ACADEMY DRAGONFLY,ELLEN DAY-LEWIS,17.99,0,886,0
252,9,ACADEMY DREAM,RICHARD SWANK,13.99,0,627,0
253,10,ACADEMY DRIFTER,WALTER ALLEN,20.99,0,25,0
254,15,ACADEMY DRIVER,CHARLTON MALDEN, 9.99,0,1834,2
255,4,ACADEMY DRIVING,WHOOPI HARRIS,11.99,0,1013,1
256,6,ACADEMY DROP,ELIZABETH MCGREGOR,15.99,0,1798,1
257,6,ACADEMY DRUMLINE,JESSICA NEWMAN,21.99,0,1845,0
258,11,ACADEMY DRUMS,EDWARD CARREY,11.99,0,1379,3
259,8,ACADEMY DUCK,MARLENE HOPKINS,17.99,0,199,3
260,6,ACADEMY DUDE,JULIANNE TEMPLE,29.99,0,1452,2
261,6,ACADEMY DUFFEL,RUSSELL SILVERSTONE,10.99,0,725,0
262,14,ACADEMY DUMBO,ETHAN RUSH,20.99,0,249,3
263,7,ACADEMY DURHAM,CHRISTOPHER DOUGLAS,20.99,0,638,0
264,11,ACADEMY DWARFS,MATTHEW OLIVIER,22.99,0,659,3
265,6,ACADEMY DYING,CHRIS FAWCETT,16.99,0,1923,0
266,5,ACADEMY DYNAMITE,OPRAH MCDORMAND,21.99,0,1425,1
267,12,ACADEMY EAGLES,MICHELLE ASTAIRE,22.99,0,1440,1
268,9,ACADEMY EARLY,LEELEE TANDY,19.99,0,1344,2
269,6,ACADEMY EARRING,ORLANDO LEWIS, 9.99,0,1094,2
270,5,ACADEMY EARTH,ROCK RYAN,24.99,0,1078,1
271,2,ACADEMY EASY,BRAD GRANT,23.99,0,1382,2
272,12,ACADEMY EDGE,OPRAH THURMAN,20.99,0,223,1
273,12,ACADEMY EFFECT,JOHN WINSLET,13.99,0,1226,1
274,8,ACADEMY EGG,HARRISON ZELLWEGER,28.99,0,1261,2
275,3,ACADEMY EGYPT,JEREMY WALKEN,22.99,0,1312,2
276,2,ACADEMY ELEMENT,DANIEL MONROE,13.99,0,1990,3
277,15,ACADEMY ELEPHANT,SIGOURNEY KUDROW,27.99,0,1440,2
278,3,ACADEMY ELF,CHARLTON PRESLEY,17.99,0,1434,3
279,15,ACADEMY ELIZABETH,HILARY BENING,21.99,0,903,3
280,10,ACADEMY EMPIRE,LAUREN FORD,16.99,0,163,0
281,16,ACADEMY ENCINO,HUGH BALL,11.99,0,868,1
282,8,ACADEMY ENCOUNTERS,ELVIS DAY-LEWIS,22.99,0,1758,1
283,7,ACADEMY ENDING,WARREN DEE,24.99,0,1447,2
284,10,ACADEMY ENEMY,MEL TOMEI,13.99,0,1064,2
285,10,ACADEMY ENGLISH,JUDY ANISTON,18.99,0,1780,2
286,4,ACADEMY ENOUGH,EMILY BOLGER,18.99,0,99,1
287,2,ACADEMY ENTRAPMENT,NICK ZELLWEGER, 9.99,0,1361,3
288,12,ACADEMY ESCAPE,CHARLES POSEY,23.99,0,1326,3
289,2,ACADEMY EVE,SALMA TURNER,22.99,0,1151,0
290,15,ACADEMY EVERYONE,ELVIS LEWIS,12.99,0,1669,2
291,14,ACADEMY EVOLUTION,WILLIAM HOPE,22.99,0,117,3
292,12,ACADEMY EXCITEMENT,ROCK WINFREY,15.99,0,412,1
293,16,ACADEMY EXORCIST,EDWARD STALLONE,13.99,0,862,0
294,15,ACADEMY EXPECATIONS,HENRY POSEY,16.99,0,1262,3
295,12,ACADEMY EXPENDABLE,HENRY PINKETT,20.99,0,1256,1
296,7,ACADEMY EXPRESS,MICHAEL MCGREGOR,19.99,0,537,0
297,2,ACADEMY EXTRAORDINARY,JENNIFER CAINE,12.99,0,1714,1
298,14,ACADEMY EYES,SUSAN MCDORMAND,11.99,0,995,2
299,12,ACADEMY FACTORY,HARRISON BRANAGH,19.99,0,198,1
300,2,ACADEMY FALCON,GLENN KEITEL,25.99,0,1476,2
301,1,ACADEMY FAMILY,WOODY CROWE,17.99,0,1443,3
302,14,ACADEMY FANTASIA,JOE VOIGHT,19.99,0,1516,1
303,12,ACADEMY FANTASY,GWYNETH DIETRICH, 9.99,0,1516,1
304,4,ACADEMY FARGO,EMILY BIRCH,22.99,0,653,1
305,8,ACADEMY FATAL,KIRK POSEY,16.99,0,1935,1
306,5,ACADEMY FEATHERS,LEELEE THURMAN,21.99,0,1603,3
307,14,ACADEMY FELLOWSHIP,BEN HAYEK,22.99,0,1378,1
308,3,ACADEMY FERRIS,DUSTIN LEIGH,27.99,0,1980,3
309,7,ACADEMY FEUD,HUGH FINNEY,22.99,0,1808,1
310,13,ACADEMY FEVER,VIVIEN KELLY,28.99,0,96,1
311,5,ACADEMY FICTION,ELLEN RYAN,15.99,0,1829,3
312,4,ACADEMY FIDDLER,DORIS FINNEY,29.99,0,1868,3
313,2,ACADEMY FIDELITY,DORIS LOLLOBRIGIDA,16.99,0,1575,3
314,5,ACADEMY FIGHT,OLYMPIA BASINGER,24.99,0,1096,1
315,2,ACADEMY FINDING,PAUL BERGEN, 9.99,0,617,0
316,9,ACADEMY FIRE,NICOLAS FISHER,21.99,0,1852,2
317,12,ACADEMY FIREBALL,AUDREY LOREN,15.99,0,1545,3
318,10,ACADEMY FIREHOUSE,JODIE FAWCETT,11.99,0,375,2
319,7,ACADEMY FISH,MEG KAHN,24.99,0,1232,0
320,16,ACADEMY FLAMINGOS,ANNE PHOENIX,13.99,0,268,3
321,8,ACADEMY FLASH,LISA RUSH,25.99,0,1679,1
322,16,ACADEMY FLATLINERS,GRACE SWANK,12.99,0,1926,3
323,10,ACADEMY FLIGHT,ANTHONY BRANDO,15.99,0,862,2
324,13,ACADEMY FLINTSTONES,SEAN MANSFIELD,20.99,0,412,0
325,3,ACADEMY FLOATS,GINA HESTON,13.99,0,1568,3
326,7,ACADEMY FLYING,VAL HOFFMAN,10.99,0,602,2
327,4,ACADEMY FOOL,FAY NEESON,12.99,0,945,3
328,15,ACADEMY FOREVER,CHEVY LUGOSI,18.99,0,1636,3
329,16,ACADEMY FORREST,BETTE KAHN,10.99,0,1725,2
330,10,ACADEMY FORRESTER,FARRAH LOREN,25.99,0,1764,0
331,16,ACADEMY FORWARD,INGRID BEATTY,16.99,0,4,1
332,4,ACADEMY FRANKENSTEIN,JOHNNY RUSH,10.99,0,796,2
333,8,ACADEMY FREAKY,KIRSTEN PALTROW,21.99,0,392,1
334,13,ACADEMY FREDDY,KIRK TURNER,26.99,0,1897,3
335,4,ACADEMY FREEDOM,JUDY MCGREGOR,26.99,0,1459,2
336,10,ACADEMY FRENCH,SEAN HACKMAN,29.99,0,506,2
337,11,ACADEMY FRIDA,VIVIEN MINELLI,20.99,0,1021,0
338,15,ACADEMY FRISCO,CHARLIZE COOPER,24.99,0,1114,2
339,16,ACADEMY FROGMEN,LENA ZELLWEGER,19.99,0,92,3
340,15,ACADEMY FRONTIER,ELLEN LANCASTER, 9.99,0,1635,0
341,3,ACADEMY FROST,HELEN SUVARI,25.99,0,654,0
342,2,ACADEMY FUGITIVE,ADRIEN GARLAND,13.99,0,1493,1
343,8,ACADEMY FULL,ROBERT BRANDO,17.99,0,1869,2
344,10,ACADEMY FURY,LAUREN TAYLOR,13.99,0,469,2
345,11,ACADEMY GABLES,ORLANDO MOORE,19.99,0,352,1
346,8,ACADEMY GALAXY,SIDNEY WITHERSPOON, 9.99,0,186,1
347,6,ACADEMY GAMES,ROBIN WASHINGTON,21.99,0,790,3
348,9,ACADEMY GANDHI,SALMA BRANDO,17.99,0,1992,0
349,1,ACADEMY GANGS,CANDICE HUDSON,16.99,0,1888,0
350,16,ACADEMY GARDEN,PEARL RUSH,25.99,0,1229,0
351,1,ACADEMY GASLIGHT,MICHAEL LANCASTER,11.99,0,1463,1
352,6,ACADEMY GATHERING,STEVE JOVOVICH,28.99,0,1723,2
353,16,ACADEMY GENTLEMEN,GARY ODONNELL,29.99,0,1881,2
354,8,ACADEMY GHOST,MORGAN COOPER,10.99,0,1006,0
355,1,ACADEMY GHOSTBUSTERS,KATE CHASE,15.99,0,1092,1
356,1,ACADEMY GIANT,FAY BRIDGES,20.99,0,1532,0
357,15,ACADEMY GILBERT,DEBBIE SARANDON,17.99,0,1550,3
358,15,ACADEMY GILMORE,MARILYN KILMER,14.99,0,1287,2
359,16,ACADEMY GLADIATOR,CHARLIZE LEWIS,16.99,0,1557,2
360,16,ACADEMY GLASS,BURT SARANDON,11.99,0,1886,1
361,4,ACADEMY GLEAMING,DANIEL MCQUEEN,15.99,0,1298,3
362,3,ACADEMY GLORY,CLARK MCKELLEN,17.99,0,790,3
363,13,ACADEMY GO,MERYL SORVINO,17.99,0,1282,0
364,5,ACADEMY GODFATHER,DREW CRONYN,22.99,0,1959,1
365,16,ACADEMY GOLD,ANNE KELLY,20.99,0,288,1
366,3,ACADEMY GOLDFINGER,DENZEL EASTWOOD,10.99,0,1193,3
367,6,ACADEMY GOLDMINE,SYLVESTER LOREN,24.99,0,1579,2
368,2,ACADEMY GONE,JULIANNE BOLGER,21.99,0,42,2
369,16,ACADEMY GOODFELLAS,BELA HAYEK,16.99,0,217,3
370,10,ACADEMY GORGEOUS,CUBA PECK,21.99,0,555,2
371,10,ACADEMY GOSFORD,ROCK MCKELLEN,20.99,0,1143,3
372,6,ACADEMY GRACELAND,MARLON BASINGER,13.99,0,1691,0
373,15,ACADEMY GRADUATE,KIRK IRONS,25.99,0,1466,1
374,5,ACADEMY GRAFFITI,MARISA HECHE,10.99,0,51,0
375,13,ACADEMY GRAIL,GLENN KILMER, 9.99,0,1407,1
376,13,ACADEMY GRAPES,DENNIS BARRYMORE,14.99,0,52,0
377,9,ACADEMY GREASE,JEREMY GOODING,26.99,0,822,0
378,12,ACADEMY GREATEST,HARVEY GARCIA,12.99,0,991,1
379,6,ACADEMY GREEDY,MICHAEL LANCASTER,18.99,0,419,3
380,3,ACADEMY GREEK,JENNIFER GARCIA,13.99,0,1795,2
381,7,ACADEMY GRINCH,FAY PALTROW,19.99,0,941,1
382,7,ACADEMY GRIT,JENNIFER ASTAIRE,15.99,0,38,2
383,14,ACADEMY GROOVE,LUCILLE RICKMAN,20.99,0,1955,1
384,15,ACADEMY GROSSE,MARLENE NORTON,24.99,0,1106,1
385,7,ACADEMY GROUNDHOG,DAN RYDER,14.99,0,770,1
386,7,ACADEMY GUMP,JEREMY BERGEN,19.99,0,1576,0
387,11,ACADEMY GUN,JACK SINATRA,13.99,0,1528,1
388,2,ACADEMY GUNFIGHT,DORIS BENING,19.99,0,1160,1
389,15,ACADEMY GUNFIGHTER,DENZEL HECHE,20.99,0,1081,2
390,4,ACADEMY GUYS,JENNIFER MCKELLEN,25.99,0,1151,2
391,11,ACADEMY HALF,CARY WILLIS,15.99,0,7,1
392,3,ACADEMY HALL,LIZA CRONYN, 9.99,0,1527,3
393,6,ACADEMY HALLOWEEN,LANA JOHANSSON,17.99,0,337,0
394,9,ACADEMY HAMLET,MICHELLE FONDA,18.99,0,943,0
395,9,ACADEMY HANDICAP,JENNIFER WALKEN,22.99,0,518,3
396,16,ACADEMY HANGING,DORIS HAWKE,13.99,0,933,2
397,1,ACADEMY HANKY,CHRISTIAN FISHER,29.99,1,1045,3
398,2,ACADEMY HANOVER,SANDRA KUDROW,23.99,0,1189,2
399,11,ACADEMY HAPPINESS,SANDRA DUKAKIS,22.99,0,1307,3
400,9,ACADEMY HARDLY,CHRISTIAN CAGE,16.99,0,1828,1
401,8,ACADEMY HAROLD,AL MIRANDA,13.99,0,1817,3
402,4,ACADEMY HARPER,MADELINE RUSSELL,14.99,0,499,2
403,13,ACADEMY HARRY,ANDY SOBIESKI,25.99,0,283,0
404,14,ACADEMY HATE,HARVEY NEWMAN,17.99,0,193,3
405,6,ACADEMY HAUNTED,RIVER STREEP,25.99,0,1299,3
406,11,ACADEMY HAUNTING,JON PITT,17.99,0,1006,2
407,5,ACADEMY HAWK,SIDNEY MARX,18.99,0,1889,1
408,14,ACADEMY HEAD,MICHELLE LEWIS,29.99,0,1015,2
409,1,ACADEMY HEARTBREAKERS,JAMES MCGREGOR,26.99,0,1170,2
410,8,ACADEMY HEAVEN,NATALIE WATSON,17.99,0,1288,0
411,13,ACADEMY HEAVENLY,GOLDIE CRUISE,20.99,0,23,1
412,5,ACADEMY HEAVYWEIGHTS,JESSICA FREEMAN,27.99,0,886,1
413,12,ACADEMY HEDWIG,HARRISON MCCONAUGHEY, 9.99,0,395,0
414,3,ACADEMY HELLFIGHTERS,ANNETTE HAYEK,25.99,0,995,2
415,2,ACADEMY HIGH,DANIEL SOBIESKI,19.99,0,1669,3
416,9,ACADEMY HIGHBALL,ELLEN KELLY,18.99,0,142,2
417,1,ACADEMY HILLS,CLINT BALL,23.99,0,1920,3
418,7,ACADEMY HOBBIT,GRETA KUDROW,26.99,0,115,3
419,3,ACADEMY HOCUS,CHEVY TAUTOU,19.99,0,951,1
420,1,ACADEMY HOLES,HUME BRANDO,11.99,0,2000,0
421,14,ACADEMY HOLIDAY,REESE BENING,11.99,0,1994,0
422,1,ACADEMY HOLLOW,LUCILLE DAY,23.99,0,835,2
423,13,ACADEMY HOLLYWOOD,GRACE HARRIS,19.99,0,274,2
424,15,ACADEMY HOLOCAUST,RIP DERN,20.99,0,1115,0
425,8,ACADEMY HOLY,MARLON SWANK,23.99,0,1306,2
426,6,ACADEMY HOME,OLYMPIA MCQUEEN,28.99,0,907,2
427,13,ACADEMY HOMEWARD,HALLE GOLDBERG,25.99,0,259,1
428,6,ACADEMY HOMICIDE,MEG FINNEY,27.99,0,999,1
429,14,ACADEMY HONEY,PAUL BERGEN,29.99,0,135,1
430,11,ACADEMY HOOK,DEBBIE WRAY,16.99,0,482,0
431,8,ACADEMY HOOSIERS,KATE WATSON,23.99,0,1138,1
432,12,ACADEMY HOPE,REESE BERGMAN,29.99,0,749,0
433,9,ACADEMY HORN,JUDE MOSTEL,23.99,0,678,1
434,3,ACADEMY HORROR,CUBA BERRY,15.99,0,1332,2
435,11,ACADEMY HOTEL,ROSIE MCCONAUGHEY, 9.99,0,1326,3
436,3,ACADEMY HOURS,SEAN CRAWFORD,29.99,0,500,3
437,3,ACADEMY HOUSE,DAN SPACEK,18.99,0,765,3
438,7,ACADEMY HUMAN,JEFF DICAPRIO,13.99,0,409,2
439,13,ACADEMY HUNCHBACK,KATHARINE THERON,18.99,0,1826,0
440,11,ACADEMY HUNGER,MENA SILVERSTONE,14.99,0,69,1
441,14,ACADEMY HUNTER,JESSICA BEATTY,26.99,0,143,1
442,8,ACADEMY HUNTING,DARYL TAUTOU,22.99,0,668,2
443,3,ACADEMY HURRICANE,BURT MIRANDA,19.99,0,179,3
444,15,ACADEMY HUSTLER,GROUCHO JACKMAN,26.99,0,201,2
445,11,ACADEMY HYDE,GEOFFREY SARANDON,28.99,0,1506,1
446,4,ACADEMY HYSTERICAL,JEFF DRIVER,17.99,0,1102,0
447,15,ACADEMY ICE,ANGELINA HEPBURN,27.99,0,630,0
448,13,ACADEMY IDAHO,NEVE WATSON,24.99,1,870,3
449,10,ACADEMY IDENTITY,ROBERT COOPER,13.99,0,1471,2
450,10,ACADEMY IDOLS,ADAM WOOD,28.99,0,918,1
451,6,ACADEMY IGBY,LENA MARTIN,17.99,0,207,2
452,4,ACADEMY ILLUSION,ANGELA BRANDO,17.99,0,67,3
453,5,ACADEMY IMAGE,KIRSTEN REYNOLDS, 9.99,0,1684,3
454,2,ACADEMY IMPACT,MINNIE PALTROW,10.99,0,1798,3
455,6,ACADEMY IMPOSSIBLE,NICOLAS IRONS,25.99,0,1399,2
456,7,ACADEMY INCH,RITA DEE,11.99,0,1516,3
457,14,ACADEMY INDEPENDENCE,KEVIN DIETRICH,22.99,0,1237,3
458,12,ACADEMY INDIAN,WILLIAM TORN,22.99,0,1178,3
459,6,ACADEMY INFORMER,JUDI PHOENIX,17.99,0,1116,2
460,8,ACADEMY INNOCENT,GOLDIE TYLER,14.99,0,752,1
461,9,ACADEMY INSECTS,SOPHIA WRAY,13.99,0,597,3
462,2,ACADEMY INSIDER,DREW TOMEI,27.99,0,481,3
463,8,ACADEMY INSTINCT,ALAN POSEY,18.99,0,627,2
464,3,ACADEMY INTENTIONS,JAYNE CHASE,12.99,0,1998,3
465,3,ACADEMY INTERVIEW,THORA LOREN,17.99,0,219,1
466,5,ACADEMY INTOLERABLE,GREG NEWMAN,29.99,0,1254,2
467,12,ACADEMY INTRIGUE,FRANCES LEWIS,27.99,1,147,3
468,4,ACADEMY INVASION,CHEVY HUSTON,22.99,0,1283,3
469,15,ACADEMY IRON,SANDRA MINELLI,29.99,0,43,0
470,14,ACADEMY ISHTAR,MEL SWANK,24.99,0,1123,1
471,11,ACADEMY ISLAND,DUSTIN WINSLET,26.99,0,789,1
472,12,ACADEMY ITALIAN,RITA SANDLER,27.99,0,237,0
473,2,ACADEMY JACKET,WILL BRANAGH,16.99,0,1053,0
474,3,ACADEMY JADE,SALMA PENN,19.99,0,531,3
475,7,ACADEMY JAPANESE,REESE DENCH,23.99,0,1531,1
476,9,ACADEMY JASON,CHARLIZE GOODING,23.99,0,1992,3
477,13,ACADEMY JAWBREAKER,DUSTIN CHASE,22.99,0,1093,1
478,15,ACADEMY JAWS,NEVE SMITH,21.99,0,174,2
479,13,ACADEMY JEDI,MORGAN FISHER,24.99,0,1926,2
480,1,ACADEMY JEEPERS,CANDICE JACKMAN,15.99,0,1641,2
481,3,ACADEMY JEKYLL,GROUCHO NEWMAN, 9.99,0,124,2
482,9,ACADEMY JEOPARDY,RALPH COSTNER,19.99,0,87,2
483,4,ACADEMY JERICHO,WOODY TANDY,28.99,0,204,3
484,4,ACADEMY JERK,SPENCER BASINGER,26.99,0,688,1
485,11,ACADEMY JERSEY,FRANCES SUVARI,22.99,0,1110,1
486,6,ACADEMY JET,JULIA HANNAH,12.99,0,308,1
487,1,ACADEMY JINGLE,ELLEN SINATRA,11.99,0,1483,3
488,11,ACADEMY JOON,RIP WINFREY,26.99,0,1909,3
489,6,ACADEMY JUGGLER,AL BERGMAN,23.99,0,1719,3
490,6,ACADEMY JUMANJI,ROSIE TOMEI, 9.99,0,62,2
491,1,ACADEMY JUMPING,GRETA BLANCHETT,26.99,0,1764,0
492,1,ACADEMY JUNGLE,JENNIFER FOSTER,14.99,0,95,1
493,5,ACADEMY KANE,NEVE MCCONAUGHEY,27.99,0,1028,1
494,10,ACADEMY KARATE,DANIEL HANNAH,13.99,0,1410,1
495,4,ACADEMY KENTUCKIAN,GARY WINFREY,21.99,0,392,1
496,3,ACADEMY KICK,CHARLTON DUKAKIS,20.99,0,1082,0
497,10,ACADEMY KILL,GREG FIELD,28.99,0,423,0
498,16,ACADEMY KILLER,GWYNETH BENING,15.99,0,276,3
499,8,ACADEMY KING,RUBY RUSSELL,24.99,0,687,1
500,3,ACADEMY KISS,NICOLE MOSTEL,21.99,0,527,2
501,14,ACADEMY KISSING,DAN PFEIFFER, 9.99,0,872,2
502,6,ACADEMY KNOCK,MARLENE DIETRICH,17.99,0,824,3
503,14,ACADEMY KRAMER,ROBERT KEITEL,26.99,0,1411,2
504,7,ACADEMY KWAI,RALPH DEE,20.99,0,854,1
505,5,ACADEMY LABYRINTH,ANJELICA ZELLWEGER,28.99,0,1771,0
506,9,ACADEMY LADY,KENNETH HOPPER,13.99,0,93,3
507,6,ACADEMY LADYBUGS,LAURA SORVINO,16.99,0,783,1
508,14,ACADEMY LAMBS,HALLE POSEY,23.99,0,1818,1
509,11,ACADEMY LANGUAGE,HELEN SMITH, 9.99,0,1534,1
510,6,ACADEMY LAWLESS,GLENN CAMPBELL,27.99,0,842,2
511,4,ACADEMY LAWRENCE,MATT DICAPRIO,19.99,0,1707,2
512,8,ACADEMY LEAGUE,JOHN HAWKE,23.99,0,1120,0
513,3,ACADEMY LEATHERNECKS,MARILYN SWANK,14.99,0,1140,1
514,9,ACADEMY LEBOWSKI,SANDRA FAWCETT,26.99,0,1542,1
515,14,ACADEMY LEGALLY,WOODY AKROYD,25.99,0,1912,0
516,14,ACADEMY LEGEND,FRANK BLOOM,14.99,0,503,1
517,7,ACADEMY LESSON,SOPHIA WATSON,29.99,0,793,1
518,8,ACADEMY LIAISONS,CHARLTON KEITEL,19.99,0,1446,1
519,5,ACADEMY LIBERTY,MATTHEW BASINGER,29.99,0,1693,1
520,6,ACADEMY LICENSE,ZERO WRAY,28.99,0,1786,2
521,4,ACADEMY LIES,JEREMY GARLAND,17.99,0,906,0
522,6,ACADEMY LIFE,KIRSTEN RYAN,10.99,0,1682,2
523,15,ACADEMY LIGHTS,PENELOPE BERGEN,10.99,0,937,3
524,14,ACADEMY LION,RUBY WASHINGTON,13.99,0,248,2
525,1,ACADEMY LOATHING,LISA POITIER,24.99,0,1591,2
526,6,ACADEMY LOCK,MARLENE MARTIN,17.99,0,301,2
527,14,ACADEMY LOLA,GEOFFREY TOMEI,13.99,0,116,0
528,11,ACADEMY LOLITA,ALAN BAILEY,21.99,0,1823,3
529,8,ACADEMY LONELY,JAYNE KELLY,28.99,0,1834,0
530,4,ACADEMY LORD,FRANK CHAPLIN,27.99,0,221,1
531,10,ACADEMY LOSE,HARRISON TORN,25.99,0,946,2
532,9,ACADEMY LOSER,MICHELLE WEAVER,17.99,0,1527,3
533,8,ACADEMY LOST,MATT SUVARI,26.99,0,555,1
534,4,ACADEMY LOUISIANA,BURT CRUISE,22.99,0,1999,2
535,3,ACADEMY LOVE,ANNE CRAWFORD,28.99,0,1391,2
536,13,ACADEMY LOVELY,GENE HOPE,27.99,0,1567,1
537,5,ACADEMY LOVER,JAYNE PHOENIX, 9.99,0,732,0
538,15,ACADEMY LOVERBOY,SEAN HUDSON,22.99,0,379,1
539,4,ACADEMY LUCK,ANGELA SANDLER,19.99,0,703,2
540,11,ACADEMY LUCKY,BEN JACKMAN,15.99,0,555,2
541,13,ACADEMY LUKE,CLARK DEPP,23.99,0,774,1
542,13,ACADEMY LUST,STEVE DIETRICH,28.99,0,545,3
543,2,ACADEMY MADIGAN,ELIZABETH BASINGER,27.99,0,1185,1
544,2,ACADEMY MADISON,UMA LOREN,14.99,0,280,0
545,9,ACADEMY MADNESS,DEBBIE RUSSELL,29.99,0,347,0
546,4,ACADEMY MADRE,CLINT WRAY,24.99,0,1011,3
547,9,ACADEMY MAGIC,MATT WATSON,20.99,0,363,2
548,5,ACADEMY MAGNIFICENT,ALEC KIDMAN,29.99,0,1466,2
549,12,ACADEMY MAGNOLIA,JODIE TYLER,20.99,0,817,3
550,8,ACADEMY MAGUIRE,ZERO CRUISE,22.99,0,1107,2
551,1,ACADEMY MAIDEN,MICHAEL TAUTOU,27.99,0,257,2
552,1,ACADEMY MAJESTIC,LISA HOPPER,17.99,0,951,1
553,1,ACADEMY MAKER,WALTER BASINGER,15.99,0,1515,3
554,8,ACADEMY MALKOVICH,CHRISTIAN COSTNER,20.99,0,1970,2
555,3,ACADEMY MALLRATS,BOB SOBIESKI,11.99,0,1435,1
556,15,ACADEMY MALTESE,RUBY CHAPLIN,26.99,0,1741,2
557,10,ACADEMY MANCHURIAN,ALICIA HUDSON, 9.99,0,9,1
558,11,ACADEMY MANNEQUIN,JACK HOPPER,26.99,0,1004,3
559,4,ACADEMY MARRIED,RUBY SINATRA,21.99,0,542,3
560,10,ACADEMY MARS,CHEVY LUGOSI,22.99,0,351,2
561,16,ACADEMY MASK,LAURENCE PACINO, 9.99,0,1558,0
562,8,ACADEMY MASKED,WILLIAM DENIRO,27.99,0,725,3
563,1,ACADEMY MASSACRE,CARY BENING,29.99,0,989,2
564,4,ACADEMY MASSAGE,LIV PESCI,10.99,0,893,2
565,16,ACADEMY MATRIX,WARREN BALE,13.99,0,1956,2
566,15,ACADEMY MAUDE,ANTHONY CRONYN,12.99,0,1948,1
567,15,ACADEMY MEET,LENA MIRANDA,28.99,0,1486,0
568,15,ACADEMY MEMENTO,CHARLIZE HESTON,15.99,0,338,3
569,8,ACADEMY MENAGERIE,KATHARINE BOGART,12.99,0,934,1
570,7,ACADEMY MERMAID,ELIZABETH KELLY,15.99,0,230,1
571,5,ACADEMY METAL,CLINT BERRY,26.99,0,119,3
572,6,ACADEMY METROPOLIS,SIGOURNEY MOORE,21.99,0,390,1
573,7,ACADEMY MICROCOSMOS,DANIEL COSTNER,21.99,0,317,3
574,9,ACADEMY MIDNIGHT,JENNIFER CAMPBELL,21.99,0,1537,2
575,3,ACADEMY MIDSUMMER,NATALIE KEATON,24.99,0,635,2
576,10,ACADEMY MIGHTY,LIV KINNEAR,17.99,0,413,1
577,10,ACADEMY MILE,ELIZABETH FINNEY,18.99,0,132,3
578,15,ACADEMY MILLION,JENNIFER DEGENERES,27.99,0,38,1
579,13,ACADEMY MINDS,JOHN BERGEN,21.99,0,653,2
580,16,ACADEMY MINE,JIM STALLONE,23.99,0,840,1
581,16,ACADEMY MINORITY,ELLEN WEAVER,17.99,0,827,3
582,4,ACADEMY MIRACLE,MILLA HOFFMAN,17.99,0,1997,3
583,1,ACADEMY MISSION,WALTER WINSLET,24.99,0,465,2
584,1,ACADEMY MIXED,SYLVESTER DAFOE,13.99,0,1521,1
585,14,ACADEMY MOB,DREW SANDLER,29.99,0,825,1
586,1,ACADEMY MOCKINGBIRD,JAMES ASTAIRE,26.99,0,672,0
587,3,ACADEMY MOD,WILLEM BALL,19.99,0,117,2
588,10,ACADEMY MODEL,GENE MCKELLEN,16.99,0,418,3
589,15,ACADEMY MODERN,MARILYN CARREY,20.99,0,1569,2
590,12,ACADEMY MONEY,LISA SWANK,26.99,0,177,2
591,12,ACADEMY MONSOON,LUCILLE BOGART,16.99,0,1476,1
592,10,ACADEMY MONSTER,MIRA SINATRA, 9.99,0,1112,1
593,9,ACADEMY MONTEREY,REESE BERGMAN,29.99,0,1266,2
594,13,ACADEMY MONTEZUMA,ALEC BEATTY,15.99,0,1238,1
595,13,ACADEMY MOON,REESE WILSON,29.99,0,941,2
596,3,ACADEMY MOONSHINE,LIAM KIDMAN,28.99,0,546,2
597,8,ACADEMY MOONWALKER,SHIRLEY MALDEN,18.99,0,1503,1
598,13,ACADEMY MOSQUITO,ROBIN PHOENIX,27.99,0,784,1
599,1,ACADEMY MOTHER,ALAN MONROE,26.99,0,1520,3
600,6,ACADEMY MOTIONS,ANTHONY TAUTOU,14.99,0,1440,1
601,10,ACADEMY MOULIN,HUME MOORE, 9.99,0,1937,2
602,9,ACADEMY MOURNING,SALLY SOBIESKI,18.99,0,297,2
603,15,ACADEMY MOVIE,HUME BOLGER, 9.99,0,1923,3
604,6,ACADEMY MULAN,SYLVESTER HOPPER,25.99,0,823,2
605,14,ACADEMY MULHOLLAND,CHRISTIAN LUGOSI,16.99,0,1232,3
606,14,ACADEMY MUMMY,DEBBIE LOLLOBRIGIDA,28.99,0,883,3
607,9,ACADEMY MUPPET,ETHAN KAHN,17.99,0,1394,2
608,9,ACADEMY MURDER,MATTHEW JACKMAN,17.99,0,1117,0
609,16,ACADEMY MUSCLE,LISA BOGART,27.99,0,1446,0
610,5,ACADEMY MUSIC,CLINT HOPPER,20.99,0,1977,2
611,2,ACADEMY MUSKETEERS,GLENN GARLAND, 9.99,0,1941,0
612,9,ACADEMY MUSSOLINI,JOHNNY MINELLI,19.99,0,1205,3
613,2,ACADEMY MYSTIC,MADELINE JACKMAN,10.99,0,32,1
614,11,ACADEMY NAME,DREW DAFOE,21.99,0,1636,3
615,10,ACADEMY NASH,WARREN BULLOCK,25.99,0,670,0
616,6,ACADEMY NATIONAL,DIANE PALTROW,13.99,0,1925,0
617,2,ACADEMY NATURAL,MATT BERGMAN,29.99,0,677,0
618,12,ACADEMY NECKLACE,TIM PHOENIX,27.99,0,1345,0
619,6,ACADEMY NEIGHBORS,KATHARINE WASHINGTON,25.99,0,1908,2
620,11,ACADEMY NEMO,MAE CHASE,15.99,0,1435,0
621,10,ACADEMY NETWORK,ELLEN HEPBURN,21.99,0,1121,0
622,16,ACADEMY NEWSIES,LIZA LOLLOBRIGIDA, 9.99,0,1292,2
623,10,ACADEMY NEWTON,EMILY BOLGER,17.99,0,1786,2
624,2,ACADEMY NIGHTMARE,SHIRLEY DEPP,29.99,0,864,0
625,1,ACADEMY NONE,NICOLAS NEESON,19.99,0,1189,2
626,11,ACADEMY NOON,ROBERT PALTROW,23.99,0,1021,0
627,16,ACADEMY NORTH,JEFF STREEP,16.99,0,993,2
628,12,ACADEMY NORTHWEST,GOLDIE BERRY,25.99,0,1720,2
629,1,ACADEMY NOTORIOUS,IAN BRIDGES,17.99,0,1185,3
630,6,ACADEMY NOTTING,WINONA DEAN,23.99,0,1432,0
631,5,ACADEMY NOVOCAINE,PENELOPE WEAVER,29.99,0,376,3
632,11,ACADEMY NUTS,SIGOURNEY BARRYMORE,10.99,0,1457,2
633,11,ACADEMY OCTOBER,NICK PRESLEY,12.99,0,1863,0
634,4,ACADEMY ODDS,MARLON WILLIS,29.99,0,1045,2
635,12,ACADEMY OKLAHOMA,JUDE SWANK,14.99,0,1072,2
636,8,ACADEMY OLEANDER,ROSIE DEPP,24.99,0,665,0
637,3,ACADEMY OPEN,WILLEM RUSH, 9.99,0,149,0
638,3,ACADEMY OPERATION,MICHAEL FIENNES, 9.99,0,463,3
639,6,ACADEMY OPPOSITE,VIVIEN WAYNE,17.99,0,1863,2
640,3,ACADEMY OPUS,GARY DIETRICH,18.99,0,308,0
641,14,ACADEMY ORANGE,PENELOPE KELLY,19.99,0,1801,0
642,12,ACADEMY ORDER,MARLON HURT,20.99,0,1996,2
643,5,ACADEMY ORIENT,JOAN FINNEY,24.99,0,1444,3
644,2,ACADEMY OSCAR,JULIANNE PACINO,25.99,0,450,2
645,2,ACADEMY OTHERS,CHARLTON DOUGLAS,22.99,0,1204,3
646,12,ACADEMY OUTBREAK,RENEE FIENNES,17.99,0,354,1
647,12,ACADEMY OUTFIELD,CHARLES BLANCHETT,19.99,0,289,1
648,16,ACADEMY OUTLAW,ROSIE BRANDO,12.99,0,905,3
649,9,ACADEMY OZ,GARY BOGART,29.99,0,1474,3
650,15,ACADEMY PACIFIC,ALBERT BOLGER,19.99,0,1361,1
651,9,ACADEMY PACKER,FRANK DENCH,11.99,0,1793,0
652,15,ACADEMY PAJAMA,OPRAH MOSTEL,22.99,0,1258,1
653,4,ACADEMY PANIC,ROCK DENIRO,10.99,0,1076,1
654,11,ACADEMY PANKY,CAMERON FIENNES,12.99,0,634,3
655,9,ACADEMY PANTHER,FRED DENCH,26.99,0,1404,3
656,4,ACADEMY PAPI,SALLY BERGMAN,22.99,0,675,3
657,15,ACADEMY PARADISE,NICOLE DUKAKIS,16.99,0,122,0
658,4,ACADEMY PARIS,KEVIN PECK,14.99,0,1146,0
659,15,ACADEMY PARK,LANA HOFFMAN,17.99,0,1395,0
660,10,ACADEMY PARTY,WILLEM DAMON,27.99,0,961,3
661,10,ACADEMY PAST,MATT HUSTON,16.99,0,554,0
662,16,ACADEMY PATHS,HUME WILSON,26.99,0,1631,3
663,16,ACADEMY PATIENT,EWAN FONDA,28.99,0,1,1
664,1,ACADEMY PATRIOT,JESSICA WAYNE,28.99,0,1288,0
665,7,ACADEMY PATTON,STEVE KELLY,13.99,0,1398,3
666,4,ACADEMY PAYCHECK,HENRY WATSON,15.99,0,750,0
667,9,ACADEMY PEACH,MICHELLE SWANK,24.99,0,581,0
668,13,ACADEMY PEAK,ROCK LANSBURY,22.99,0,41,2
669,9,ACADEMY PEARL,MATT FONDA,13.99,0,1261,0
670,12,ACADEMY PELICAN,NICK ANISTON,13.99,0,967,0
671,2,ACADEMY PERDITION,ORLANDO PENN,19.99,0,1503,2
672,10,ACADEMY PERFECT,NICOLE HANNAH,19.99,0,211,3
673,11,ACADEMY PERSONAL,TIM SILVERSTONE,22.99,0,1275,2
674,2,ACADEMY PET,TIM KEATON,18.99,0,1075,3
675,5,ACADEMY PHANTOM,LISA WEST,17.99,0,448,2
676,14,ACADEMY PHILADELPHIA,JULIA WILSON,21.99,0,1777,1
677,1,ACADEMY PIANIST,JULIETTE FINNEY,25.99,0,675,2
678,8,ACADEMY PICKUP,STEVE KILMER,29.99,0,1296,3
679,16,ACADEMY PILOT,ROCK MOSTEL,20.99,0,1798,3
680,8,ACADEMY PINOCCHIO,CHARLES DAY-LEWIS,25.99,0,1515,0
681,8,ACADEMY PIRATES,ROCK TORN,21.99,1,184,2
682,8,ACADEMY PITTSBURGH,ROSIE FORD,28.99,0,1903,0
683,8,ACADEMY PITY,CHARLTON DERN,20.99,0,821,2
684,12,ACADEMY PIZZA,CARMEN DEPP,24.99,0,1671,3
685,6,ACADEMY PLATOON,JUDE SARANDON,15.99,0,1408,3
686,5,ACADEMY PLUTO,ANDY NICHOLSON,11.99,0,1301,3
687,1,ACADEMY POCUS,CHRIS WILLIAMS,11.99,0,1323,3
688,16,ACADEMY POLISH,SIGOURNEY BRANDO,28.99,0,1929,3
689,13,ACADEMY POLLOCK,RENEE KINNEAR,16.99,0,1421,2
690,1,ACADEMY POND,CHEVY ALLEN,27.99,0,502,3
691,4,ACADEMY POSEIDON,ANNETTE BASINGER,12.99,0,461,1
692,11,ACADEMY POTLUCK,ELIZABETH WATSON,24.99,0,128,1
693,2,ACADEMY POTTER,UMA STALLONE,15.99,0,726,1
694,6,ACADEMY PREJUDICE,DIANE CAMPBELL,20.99,0,1931,1
695,1,ACADEMY PRESIDENT,RAY MCDORMAND,23.99,0,1404,3
696,10,ACADEMY PRIDE,MARLENE CRONYN,29.99,0,143,3
697,10,ACADEMY PRIMARY,VIVIEN TAYLOR,28.99,0,1790,1
698,8,ACADEMY PRINCESS,LAUREN CHAPLIN,22.99,0,1501,0
699,2,ACADEMY PRIVATE,LISA CARREY,16.99,0,1529,1
700,11,ACADEMY PRIX,MADELINE BEATTY,29.99,0,388,2
701,14,ACADEMY PSYCHO,JAYNE BLANCHETT,10.99,0,322,0
702,16,ACADEMY PULP,JACK DEAN,29.99,0,1899,0
703,2,ACADEMY PUNK,LAUREN RYDER,25.99,0,840,0
704,11,ACADEMY PURE,ELLEN BAILEY,21.99,0,1364,2
705,7,ACADEMY PURPLE,SALMA WALKEN,20.99,0,504,1
706,12,ACADEMY QUEEN,SANDRA DAY-LEWIS,19.99,0,7,2
707,2,ACADEMY QUEST,ROSIE SARANDON,19.99,0,296,2
708,6,ACADEMY QUILLS,VAL KEITEL,11.99,0,1702,3
709,10,ACADEMY RACER,LIZA VOIGHT,22.99,0,341,3
710,14,ACADEMY RAGE,GWYNETH KAHN,25.99,0,419,3
711,13,ACADEMY RAGING,FARRAH ODONNELL,10.99,0,738,0
712,6,ACADEMY RAIDERS,JULIA HURT,21.99,0,1121,1
713,10,ACADEMY RAINBOW,LIV DOUGLAS,21.99,0,334,2
714,12,ACADEMY RANDOM,FRED BASINGER,13.99,0,1965,1
715,2,ACADEMY RANGE,JANE ROBERTS,25.99,0,101,0
716,7,ACADEMY REAP,NATALIE CRAWFORD,17.99,0,1764,1
717,7,ACADEMY REAR,KARL MARTIN,15.99,0,1654,1
718,3,ACADEMY REBEL,MADELINE CLOSE,28.99,0,1201,1
719,2,ACADEMY RECORDS,DANIEL PECK, 9.99,0,1600,2
720,2,ACADEMY REDEMPTION,ELIZABETH SWANK,27.99,0,320,3
721,14,ACADEMY REDS,KATHARINE ROBERTS,16.99,0,1006,3
722,4,ACADEMY REEF,HENRY WAYNE,12.99,0,1785,0
723,7,ACADEMY REIGN,DENZEL IRONS,19.99,0,568,3
724,3,ACADEMY REMEMBER,HUME HESTON,18.99,0,393,2
725,4,ACADEMY REQUIEM,MATTHEW MCKELLEN,21.99,0,377,1
726,15,ACADEMY RESERVOIR,SEAN TAUTOU,16.99,0,1694,2
727,3,ACADEMY RESURRECTION,JUDY NEWMAN,15.99,0,658,0
728,2,ACADEMY REUNION,HARVEY BALL,14.99,0,1545,0
729,11,ACADEMY RIDER,KATE IRONS,28.99,0,847,0
730,13,ACADEMY RIDGEMONT,KEVIN HECHE,27.99,0,1202,2
731,10,ACADEMY RIGHT,ELVIS EASTWOOD,24.99,0,1060,1
732,13,ACADEMY RINGS,JOE LEWIS,26.99,0,455,2
733,1,ACADEMY RIVER,MARISA CRAWFORD,16.99,0,652,3
734,7,ACADEMY ROAD,CANDICE HANNAH,28.99,0,1574,0
735,5,ACADEMY ROBBERS,DEBBIE COOPER,21.99,0,1461,0
736,2,ACADEMY ROBBERY,CANDICE ZELLWEGER,22.99,0,619,1
737,7,ACADEMY ROCK,ANGELINA MCQUEEN,21.99,0,690,2
738,8,ACADEMY ROCKETEER,BEN MCGREGOR,20.99,0,1395,3
739,16,ACADEMY ROCKY,MARY WILSON,15.99,0,397,3
740,8,ACADEMY ROLLERCOASTER,ROBERT MARX,12.99,0,52,1
741,9,ACADEMY ROMAN,JENNIFER MIRANDA,28.99,0,1662,2
742,1,ACADEMY ROOF,DENNIS SANDLER,15.99,0,491,0
743,1,ACADEMY ROOM,LIZA BARRYMORE,14.99,0,1713,0
744,12,ACADEMY ROOTS,HENRY WRAY,11.99,0,1404,0
745,15,ACADEMY ROSES,MARLENE SARANDON,22.99,0,17,3
746,11,ACADEMY ROUGE,BURT DERN, 9.99,0,357,2
747,10,ACADEMY ROXANNE,SEAN CHAPLIN,19.99,0,809,2
748,15,ACADEMY RUGRATS,BEN STREEP,26.99,0,1946,1
749,11,ACADEMY RULES,GROUCHO HANNAH,18.99,0,912,2
750,13,ACADEMY RUN,IAN CRAWFORD,26.99,0,1058,0
751,9,ACADEMY RUNAWAY,MARLENE ALLEN,20.99,0,1352,3
752,3,ACADEMY RUNNER,ELLEN HUDSON,14.99,0,1855,1
753,9,ACADEMY RUSH,ELVIS CHASE,11.99,0,1358,0
754,9,ACADEMY RUSHMORE,OLYMPIA DENIRO,13.99,0,1508,2
755,6,ACADEMY SABRINA,NICOLAS BOGART, 9.99,0,155,0
756,8,ACADEMY SADDLE,DENNIS BACALL,17.99,0,239,0
757,12,ACADEMY SAGEBRUSH,JEREMY LEWIS,13.99,0,1747,1
758,4,ACADEMY SAINTS,AUDREY CHAPLIN,26.99,0,1095,3
759,9,ACADEMY SALUTE,KENNETH GARCIA,15.99,0,895,3
760,3,ACADEMY SAMURAI,KIRSTEN HUDSON,22.99,0,1330,0
761,6,ACADEMY SANTA,ZERO SPACEK,10.99,0,943,3
762,4,ACADEMY SASSY,HARVEY WITHERSPOON,17.99,0,1565,1
763,4,ACADEMY SATISFACTION,BETTE HAYEK,16.99,0,378,0
764,16,ACADEMY SATURDAY,CLARK BOLGER,20.99,0,305,1
765,14,ACADEMY SATURN,RENEE ALLEN,12.99,0,1129,2
766,7,ACADEMY SAVANNAH,JOHN TURNER,28.99,0,1121,1
767,4,ACADEMY SCALAWAG,GRACE STALLONE,22.99,0,16,2
768,3,ACADEMY SCARFACE,MARLENE REYNOLDS,17.99,0,1140,1
769,7,ACADEMY SCHOOL,LISA HUSTON,12.99,0,1596,0
770,14,ACADEMY SCISSORHANDS,WINONA CRAWFORD,12.99,0,1659,3
771,4,ACADEMY SCORPION,WILLIAM BEATTY,25.99,0,220,1
772,5,ACADEMY SEA,MILLA MCKELLEN,25.99,0,1968,0
773,8,ACADEMY SEABISCUIT,DAN GARCIA,26.99,0,1658,2
774,1,ACADEMY SEARCHERS,RITA TEMPLE,13.99,0,1093,3
775,7,ACADEMY SEATTLE,STEVE MCCONAUGHEY,25.99,0,388,0
776,11,ACADEMY SECRET,DARYL KIDMAN,23.99,0,353,2
777,15,ACADEMY SECRETARY,LEONARDO SWANK,20.99,0,1886,3
778,10,ACADEMY SECRETS,NICK GOODING,22.99,0,1699,3
779,4,ACADEMY SENSE,LEONARDO DENIRO,28.99,0,179,0
780,4,ACADEMY SENSIBILITY,ELIZABETH SORVINO,21.99,0,1933,0
781,8,ACADEMY SEVEN,LANA DERN,24.99,0,1845,3
782,10,ACADEMY SHAKESPEARE,CHRISTIAN BASINGER,12.99,0,405,1
783,13,ACADEMY SHANE,MEL GRANT,28.99,0,763,2
784,7,ACADEMY SHANGHAI,DORIS PINKETT,26.99,0,855,2
785,15,ACADEMY SHAWSHANK,SYLVESTER MATTHAU,22.99,0,1524,1
786,1,ACADEMY SHEPHERD,KIM BERGMAN,28.99,0,1994,2
787,16,ACADEMY SHINING,NICOLAS PRESLEY,13.99,0,1723,2
788,7,ACADEMY SHIP,WOODY CRUISE,16.99,0,1463,3
789,2,ACADEMY SHOCK,ANJELICA MOSTEL,22.99,0,639,1
790,16,ACADEMY SHOOTIST,RICHARD WAHLBERG,24.99,0,1123,1
791,4,ACADEMY SHOW,SISSY MATTHAU,17.99,0,314,3
792,4,ACADEMY SHREK,DAN BARRYMORE, 9.99,0,1646,0
793,15,ACADEMY SHRUNK,GOLDIE CRONYN, 9.99,0,1013,1
794,9,ACADEMY SIDE,TIM HOFFMAN,17.99,0,118,0
795,6,ACADEMY SIEGE,SUSAN CHAPLIN,19.99,0,750,3
796,9,ACADEMY SIERRA,ALEC RUSH,28.99,0,1311,1
797,15,ACADEMY SILENCE,LANA DRIVER,16.99,0,198,2
798,8,ACADEMY SILVERADO,JIM ANISTON,25.99,0,480,2
799,2,ACADEMY SIMON,LAURENCE TAYLOR,26.99,0,218,3
800,4,ACADEMY SINNERS,DENZEL HUDSON,20.99,0,402,0
801,9,ACADEMY SISTER,GOLDIE RUSSELL,22.99,0,1547,0
802,14,ACADEMY SKY,PAUL PHOENIX,18.99,0,1027,2
803,9,ACADEMY SLACKER,CAMERON DAMON,25.99,0,1299,1
804,3,ACADEMY SLEEPING,MARLON CHASE,19.99,0,1902,2
805,1,ACADEMY SLEEPLESS,CLINT DAFOE,11.99,0,912,1
806,16,ACADEMY SLEEPY,RICHARD BRANAGH,18.99,0,621,1
807,2,ACADEMY SLEUTH,CAMERON FOSTER,19.99,0,1490,3
808,16,ACADEMY SLING,JENNIFER KEITEL,22.99,0,275,2
809,7,ACADEMY SLIPPER,RALPH LEIGH,10.99,0,1156,3
810,11,ACADEMY SLUMS,JAYNE DEPP,10.99,0,423,0
811,8,ACADEMY SMILE,CHRIS HUDSON,15.99,0,1510,3
812,11,ACADEMY SMOKING,RICHARD STREEP,23.99,0,756,1
813,14,ACADEMY SMOOCHY,SUSAN KAHN,23.99,0,676,3
814,3,ACADEMY SNATCH,WILLIAM AFFLECK,18.99,0,1591,1
815,14,ACADEMY SNATCHERS,GREG HANNAH,25.99,0,1074,1
816,1,ACADEMY SNOWMAN,KENNETH CAGE,14.99,0,1951,2
817,4,ACADEMY SOLDIERS,CARRIE SUVARI,25.99,0,1108,1
818,10,ACADEMY SOMETHING,SEAN WITHERSPOON,25.99,0,1380,0
819,7,ACADEMY SONG,NICOLE THURMAN,13.99,0,1836,0
820,1,ACADEMY SONS,LAURA LAW,22.99,0,1173,3
821,15,ACADEMY SORORITY,HALLE CRAWFORD,28.99,0,417,1
822,12,ACADEMY SOUP,GREG ZELLWEGER,10.99,0,1577,0
823,12,ACADEMY SOUTH,JOAN GARCIA,21.99,0,173,3
824,7,ACADEMY SPARTACUS,ELLEN BACALL,12.99,0,952,1
825,13,ACADEMY SPEAKEASY,CLINT LANCASTER,22.99,0,555,2
826,16,ACADEMY SPEED,SALMA STALLONE,23.99,0,201,2
827,8,ACADEMY SPICE,ADAM MOORE,11.99,0,1505,2
828,14,ACADEMY SPIKING,SHIRLEY VOIGHT,12.99,0,162,2
829,15,ACADEMY SPINAL,PENELOPE WITHERSPOON,12.99,0,1864,2
830,3,ACADEMY SPIRIT,EMILY TURNER,24.99,0,406,2
831,14,ACADEMY SPIRITED,JESSICA FONDA,16.99,0,840,0
832,3,ACADEMY SPLASH,DANIEL TOMEI,23.99,0,193,3
833,5,ACADEMY SPLENDOR,MARISA MONROE,19.99,0,1432,1
834,14,ACADEMY SPOILERS,IAN KUDROW,14.99,0,1542,0
835,8,ACADEMY SPY,PEARL BRANAGH,27.99,0,1228,1
836,14,ACADEMY SQUAD,FARRAH THURMAN,15.99,0,1619,1
837,9,ACADEMY STAGE,SISSY MANSFIELD,10.99,0,1571,2
838,1,ACADEMY STAGECOACH,BOB ROBBINS,29.99,0,281,2
839,2,ACADEMY STALLION,BEN CRAWFORD,21.99,0,811,0
840,2,ACADEMY STAMPEDE,MARLENE BALE,12.99,0,1785,3
841,12,ACADEMY STAR,DAN TANDY,10.99,0,1608,2
842,4,ACADEMY STATE,ETHAN BOLGER,27.99,0,777,3
843,15,ACADEMY STEEL,JON PITT,18.99,0,162,1
844,15,ACADEMY STEERS,SCARLETT ROBERTS,20.99,0,759,3
845,14,ACADEMY STEPMOM,FRANK ROBBINS,16.99,0,1193,2
846,16,ACADEMY STING,DEBBIE CLOSE,16.99,0,1774,0
847,8,ACADEMY STOCK,LEONARDO MIRANDA,28.99,0,592,2
848,14,ACADEMY STONE,LEONARDO RICKMAN,10.99,0,89,1
849,5,ACADEMY STORM,CHARLES GOLDBERG,19.99,0,281,3
850,7,ACADEMY STORY,LAUREN WASHINGTON, 9.99,0,1614,1
851,15,ACADEMY STRAIGHT,MATT HAYEK,10.99,0,1121,1
852,10,ACADEMY STRANGELOVE,GREG WASHINGTON,26.99,0,1792,0
853,9,ACADEMY STRANGER,JESSICA NOLTE,21.99,0,9,2
854,4,ACADEMY STRANGERS,ED BRANDO,27.99,0,1071,1
855,7,ACADEMY STREAK,BOB MANSFIELD,13.99,0,795,0
856,11,ACADEMY STREETCAR,RAY FINNEY,23.99,0,23,1
857,16,ACADEMY STRICTLY,SALLY REYNOLDS,24.99,0,1628,3
858,5,ACADEMY SUBMARINE,LISA MCDORMAND,23.99,0,964,3
859,4,ACADEMY SUGAR,WINONA MINELLI, 9.99,0,36,2
860,13,ACADEMY SUICIDES,CARRIE WILSON,27.99,0,856,3
861,5,ACADEMY SUIT,IAN FREEMAN,17.99,0,1694,3
862,1,ACADEMY SUMMER,HILARY MOORE,28.99,0,465,1
863,16,ACADEMY SUN,HENRY FORD,24.99,0,1722,2
864,13,ACADEMY SUNDANCE,ZERO JACKMAN,15.99,0,616,3
865,12,ACADEMY SUNRISE,MARLON WILLIS,12.99,0,702,0
866,16,ACADEMY SUNSET,MARLON DRIVER,11.99,0,1059,1
867,16,ACADEMY SUPER,BRUCE WILLIS,18.99,0,1666,1
868,6,ACADEMY SUPERFLY,MORGAN OLIVIER,18.99,0,198,1
869,7,ACADEMY SUSPECTS,WOODY DEGENERES,20.99,0,1342,2
870,7,ACADEMY SWARM,SCARLETT BEATTY,28.99,0,91,1
871,16,ACADEMY SWEDEN,LENA BRODY,17.99,0,1204,2
872,8,ACADEMY SWEET,GRETA SILVERSTONE,16.99,0,1812,2
873,8,ACADEMY SWEETHEARTS,JAYNE HOPE,15.99,0,1583,1
874,7,ACADEMY TADPOLE,ANJELICA LOREN,17.99,0,816,2
875,6,ACADEMY TALENTED,WARREN KUDROW,10.99,0,1560,2
876,14,ACADEMY TARZAN,BETTE MOORE,29.99,1,1597,1
877,8,ACADEMY TAXI,PAUL WAYNE,14.99,0,744,2
878,10,ACADEMY TEEN,JOHN LEWIS,24.99,0,927,2
879,1,ACADEMY TELEGRAPH,GOLDIE POSEY,19.99,0,686,3
880,8,ACADEMY TELEMARK,ROBERT HAWN,24.99,0,525,0
881,3,ACADEMY TEMPLE,SIGOURNEY HOPPER,26.99,0,1775,0
882,5,ACADEMY TENENBAUMS,GENE DUKAKIS,16.99,0,457,3
883,15,ACADEMY TEQUILA,ROSIE SPACEK,18.99,1,267,0
884,13,ACADEMY TERMINATOR,CUBA DEPP,29.99,0,1052,3
885,5,ACADEMY TEXAS,KIRSTEN ANISTON,24.99,0,1904,3
886,2,ACADEMY THEORY,GRACE TRACY,18.99,0,1030,0
887,2,ACADEMY THIEF,JOHN FIENNES,25.99,0,1562,0
888,12,ACADEMY THIN,SALMA IRONS,12.99,0,1943,1
889,16,ACADEMY TIES,GENE HAWKE,13.99,0,854,1
890,13,ACADEMY TIGHTS,HELEN MCDORMAND,19.99,0,1373,3
891,10,ACADEMY TIMBERLAND,TIM FISHER,26.99,0,1797,1
892,6,ACADEMY TITANIC,MATT KILMER,11.99,0,706,2
893,8,ACADEMY TITANS,LENA WALKEN,16.99,0,819,2
894,11,ACADEMY TOMATOES,LIZA DICAPRIO,26.99,0,1033,1
895,13,ACADEMY TOMORROW,MEL ASTAIRE,23.99,0,1761,3
896,11,ACADEMY TOOTSIE,BELA GARCIA,27.99,0,84,2
897,2,ACADEMY TORQUE,BRUCE GUINESS,13.99,0,1368,0
898,12,ACADEMY TOURIST,ANDY BACALL,11.99,0,1247,2
899,15,ACADEMY TOWERS,LIV JOLIE,21.99,0,332,3
900,12,ACADEMY TOWN,MARILYN MCCONAUGHEY,24.99,0,27,3
901,14,ACADEMY TRACY,EMILY BRANDO,26.99,0,1498,3
902,6,ACADEMY TRADING,LIZA BEATTY,23.99,0,883,3
903,15,ACADEMY TRAFFIC,GRACE CRUISE,25.99,0,584,1
904,3,ACADEMY TRAIN,CARMEN DEGENERES,14.99,0,1599,2
905,14,ACADEMY TRAINSPOTTING,ROBERT SILVERSTONE,25.99,0,1983,2
906,12,ACADEMY TRAMP,HELEN PHOENIX,20.99,0,413,1
907,11,ACADEMY TRANSLATION,GEOFFREY TAYLOR,23.99,0,1188,2
908,11,ACADEMY TRAP,LUCILLE NEWMAN,12.99,0,239,2
909,10,ACADEMY TREASURE,KEVIN CRUZ,21.99,0,241,1
910,11,ACADEMY TREATMENT,NICOLAS COOPER,21.99,0,1834,0
911,9,ACADEMY TRIP,GEOFFREY GOLDBERG,28.99,0,1787,1
912,7,ACADEMY TROJAN,MEL JOVOVICH,21.99,0,830,3
913,9,ACADEMY TROOPERS,VIVIEN CHASE,24.99,0,884,3
914,9,ACADEMY TROUBLE,JOHN STALLONE,15.99,0,1483,3
915,16,ACADEMY TRUMAN,ZERO CAINE,28.99,0,24,0
916,7,ACADEMY TURN,KENNETH MCGREGOR,20.99,0,1,0
917,6,ACADEMY TUXEDO,ANNE FIELD,28.99,0,154,0
918,3,ACADEMY TWISTED,NICK VOIGHT,11.99,0,1692,1
919,6,ACADEMY TYCOON,EWAN LEIGH,13.99,0,923,0
920,2,ACADEMY UNBREAKABLE,KIM PITT, 9.99,0,110,3
921,7,ACADEMY UNCUT,CHRISTOPHER TAYLOR,28.99,0,1420,2
922,5,ACADEMY UNDEFEATED,CLARK BOLGER,28.99,0,204,2
923,8,ACADEMY UNFAITHFUL,FRED IRONS,27.99,0,305,0
924,13,ACADEMY UNFORGIVEN,VAL HANNAH,14.99,0,336,3
925,12,ACADEMY UNITED,MADELINE KILMER,29.99,0,1931,2
926,11,ACADEMY UNTOUCHABLES,ALAN MCDORMAND,29.99,0,1304,2
927,1,ACADEMY UPRISING,LAURENCE LAW,15.99,0,922,1
928,1,ACADEMY UPTOWN,SOPHIA DIAZ,23.99,0,1322,1
929,4,ACADEMY USUAL,HILARY GOODING,10.99,0,8,1
930,4,ACADEMY VACATION,SCARLETT DENIRO,12.99,0,1584,0
931,10,ACADEMY VALENTINE,EMILY ALLEN,16.99,0,1010,2
932,11,ACADEMY VALLEY,ELIZABETH SOBIESKI,16.99,0,810,0
933,2,ACADEMY VAMPIRE,MATTHEW HUSTON,26.99,0,872,0
934,1,ACADEMY VANILLA,BOB REYNOLDS,24.99,0,301,2
935,15,ACADEMY VANISHED,SEAN HOPE,22.99,0,1928,0
936,1,ACADEMY VANISHING,LAURENCE GARBO,25.99,0,700,2
937,6,ACADEMY VARSITY,FRANCES DEAN,15.99,0,276,3
938,5,ACADEMY VELVET,MARILYN ALLEN,28.99,0,1251,1
939,15,ACADEMY VERTIGO,NATALIE DENIRO,20.99,0,596,1
940,13,ACADEMY VICTORY,DARYL CRAWFORD,25.99,0,966,3
941,15,ACADEMY VIDEOTAPE,AL ZELLWEGER,28.99,0,158,0
942,13,ACADEMY VIETNAM,CLARK SANDLER, 9.99,0,93,1
943,12,ACADEMY VILLAIN,DUSTIN DAFOE,27.99,0,1389,1
944,15,ACADEMY VIRGIN,MATT CAGE,29.99,0,886,3
945,5,ACADEMY VIRGINIAN,KEVIN FIELD,15.99,0,1465,3
946,16,ACADEMY VIRTUAL,GINA REYNOLDS,10.99,0,79,0
947,14,ACADEMY VISION,FAY TANDY,27.99,0,1208,2
948,11,ACADEMY VOICE,HILARY FINNEY,16.99,0,997,2
949,14,ACADEMY VOLCANO,JIM WILLIS,17.99,0,375,2
950,2,ACADEMY VOLUME,RUSSELL MARX,18.99,0,106,3
951,8,ACADEMY VOYAGE,ADRIEN HAWN,22.99,0,387,3
952,1,ACADEMY WAGON,ADRIEN WILLIS,23.99,0,235,3
953,11,ACADEMY WAIT,MILLA FAWCETT,26.99,0,1073,1
954,3,ACADEMY WAKE,PARKER PECK,17.99,0,47,3
955,16,ACADEMY WALLS,WALTER HARRIS,15.99,0,1140,1
956,14,ACADEMY WANDA,TOM HUSTON,13.99,0,1683,2
957,6,ACADEMY WAR,WARREN DIETRICH,22.99,0,1287,3
958,11,ACADEMY WARDROBE,SUSAN KILMER,11.99,0,1279,2
959,4,ACADEMY WARLOCK,DUSTIN CLOSE,28.99,0,229,1
960,3,ACADEMY WARS,WINONA MARTIN,29.99,0,1369,2
961,5,ACADEMY WASH,LEELEE COOPER,17.99,0,1760,0
962,2,ACADEMY WASTELAND,ELVIS SMITH,21.99,0,1363,0
963,4,ACADEMY WATCH,HILARY DOUGLAS,15.99,0,1544,3
964,15,ACADEMY WATERFRONT,EMILY NEESON,25.99,0,1562,0
965,3,ACADEMY WATERSHIP,GINA TRACY,29.99,0,1859,2
966,13,ACADEMY WEDDING,GLENN BLANCHETT,23.99,0,802,3
967,7,ACADEMY WEEKEND,MIRA WINSLET,14.99,0,1279,3
968,15,ACADEMY WEREWOLF,HARRISON TAYLOR,24.99,0,980,1
969,12,ACADEMY WEST,JANE PHOENIX,28.99,0,491,3
970,13,ACADEMY WESTWARD,AL DREYFUSS,25.99,0,824,0
971,7,ACADEMY WHALE,ORLANDO PHOENIX,21.99,0,1394,2
972,16,ACADEMY WHISPERER,ANGELINA NEWMAN,27.99,0,1370,0
973,3,ACADEMY WIFE,MEL BIRCH,18.99,0,531,1
974,11,ACADEMY WILD,EMILY DEAN,17.99,0,113,1
975,14,ACADEMY WILLOW,MEL WEST,16.99,0,47,1
976,15,ACADEMY WIND,FRED ASTAIRE,29.99,0,888,1
977,14,ACADEMY WINDOW,LEELEE KILMER,21.99,0,1937,1
978,2,ACADEMY WISDOM,RAY MCQUEEN,16.99,0,1442,1
979,8,ACADEMY WITCHES,ELIZABETH BERGMAN,16.99,0,694,1
980,16,ACADEMY WIZARD,DENNIS POITIER,23.99,0,1712,3
981,13,ACADEMY WOLVES,JOHNNY MOSTEL,25.99,0,1743,0
982,13,ACADEMY WOMEN,GREGORY FISHER,14.99,0,136,2
983,5,ACADEMY WON,CANDICE WILSON,17.99,0,525,3
984,12,ACADEMY WONDERFUL,HALLE NOLTE,18.99,0,341,2
985,3,ACADEMY WONDERLAND,RUBY MOORE,28.99,0,122,3
986,5,ACADEMY WONKA,MINNIE KEITEL,28.99,0,1303,3
987,9,ACADEMY WORDS,CLINT VOIGHT, 9.99,0,1943,1
988,6,ACADEMY WORKER,CHARLIZE TAUTOU,11.99,0,1996,1
989,7,ACADEMY WORKING,DANIEL KELLY,14.99,0,703,2
990,6,ACADEMY WORLD,VAL PALTROW,10.99,0,1775,0
991,11,ACADEMY WORST,MATTHEW BENING,12.99,0,1768,3
992,14,ACADEMY WRATH,SANDRA HOPPER,26.99,0,1577,3
993,14,ACADEMY WRONG,INGRID POSEY,24.99,0,323,0
994,8,ACADEMY WYOMING,BELA BASINGER,22.99,0,1689,1
995,6,ACADEMY YENTL,OLYMPIA MINELLI,10.99,0,1842,1
996,10,ACADEMY YOUNG,WHOOPI MCQUEEN,29.99,0,611,1
997,1,ACADEMY YOUTH,JOHNNY CROWE,13.99,0,418,3
998,15,ACADEMY ZHIVAGO,MARILYN SORVINO,15.99,0,1655,3
999,12,ACADEMY ZOOLANDER,EDWARD TORN,13.99,0,1738,3
1000,3,ACADEMY ZORRO,CHRIS CHAPLIN,27.99,0,620,1
1001,8,ACE ACADEMY,JULIETTE COOPER,19.99,0,1218,2
1002,5,ACE ACE,JADA SILVERSTONE, 9.99,0,442,2
1003,7,ACE ADAPTATION,HUMPHREY VOIGHT,24.99,0,1255,0
1004,6,ACE AFFAIR,UMA SINATRA,26.99,0,358,1
1005,14,ACE AFRICAN,DUSTIN HURT,27.99,0,961,2
1006,15,ACE AGENT,PEARL BRANDO,10.99,0,1117,2
1007,1,ACE AIRPLANE,CHEVY GIBSON,22.99,0,1381,3
1008,4,ACE AIRPORT,CATE LUGOSI,25.99,0,1342,1
1009,1,ACE ALABAMA,LIAM DENCH,23.99,0,1282,2
1010,12,ACE ALADDIN,MEG HOPPER,21.99,0,585,0
1011,13,ACE ALAMO,RUSSELL GARLAND,14.99,0,1422,1
1012,2,ACE ALASKA,ANGELA HUSTON,13.99,0,1129,3
1013,2,ACE ALI,WILL GOLDBERG,14.99,0,998,2
1014,1,ACE ALICE,DAN FOSTER,14.99,0,457,2
1015,7,ACE ALIEN,WALTER GABLE,16.99,0,971,1
1016,15,ACE ALLEY,RIVER BLANCHETT,18.99,0,763,0
1017,1,ACE ALONE,CHRISTOPHER MIRANDA,11.99,0,1440,3
1018,3,ACE ALTER,GREGORY ZELLWEGER,15.99,0,187,2
1019,9,ACE AMADEUS,MARLON GARLAND,26.99,0,421,2
1020,7,ACE AMELIE,LIAM RUSSELL,22.99,0,1838,1
1021,15,ACE AMERICAN,BOB WEST,16.99,0,1561,2
1022,8,ACE AMISTAD,ALAN PRESLEY,29.99,0,420,1
1023,1,ACE ANACONDA,RUBY KEATON,27.99,0,691,1
1024,12,ACE ANALYZE,CARMEN LANSBURY,15.99,0,1609,2
1025,15,ACE ANGELS,ED WASHINGTON,23.99,0,1962,3
1026,1,ACE ANNIE,WILLEM MCKELLEN,29.99,0,1480,0
1027,10,ACE ANONYMOUS,JON WILSON,27.99,0,1874,3
1028,16,ACE ANTHEM,CARY GOODING,16.99,0,1596,0
1029,10,ACE ANTITRUST,LEONARDO HOPKINS,28.99,0,70,2
1030,12,ACE ANYTHING,MAE PENN,21.99,0,941,3
1031,12,ACE APACHE,PAUL GABLE,16.99,0,1471,2
1032,1,ACE APOCALYPSE,MARLON DAFOE,26.99,0,111,2
1033,3,ACE APOLLO,JIM CAMPBELL,12.99,0,1611,3
1034,9,ACE ARABIA,LUCILLE DICAPRIO,12.99,0,1224,1
1035,10,ACE ARACHNOPHOBIA,ANGELA WALKEN,20.99,0,1915,1
1036,2,ACE ARGONAUTS,CLARK HECHE,20.99,0,148,1
1037,9,ACE ARIZONA,JULIA HUSTON,17.99,0,607,2
1038,7,ACE ARK,ORLANDO ANISTON,25.99,0,1139,2
1039,14,ACE ARMAGEDDON,ANTHONY DEPP,13.99,0,71,1
1040,7,ACE ARMY,PARKER TAYLOR,14.99,0,1070,2
1041,15,ACE ARSENIC,RIP MARTIN,25.99,0,1046,0
1042,7,ACE ARTIST,JULIANNE MCKELLEN,29.99,0,331,2
1043,3,ACE ATLANTIS,JEFF THERON,14.99,0,393,0
1044,1,ACE ATTACKS,JAYNE DERN,29.99,0,1546,1
1045,11,ACE ATTRACTION,SUSAN GABLE,21.99,0,442,1
1046,11,ACE AUTUMN,LIZA SINATRA,22.99,0,557,0
1047,15,ACE BABY,PENELOPE PINKETT,15.99,0,423,2
1048,4,ACE BACKLASH,LENA ALLEN,25.99,0,150,3
1049,11,ACE BADMAN,TIM RICKMAN,19.99,0,463,3
1050,11,ACE BAKED,REESE ASTAIRE,27.99,0,726,1
1051,10,ACE BALLOON,JESSICA MONROE,10.99,0,339,2
1052,9,ACE BALLROOM,SIGOURNEY MINELLI,27.99,0,1083,1
1053,14,ACE BANG,LANA JOHANSSON,26.99,0,802,0
1054,12,ACE BANGER,GARY DAFOE,28.99,0,1656,1
1055,14,ACE BARBARELLA,LIZA SPACEK,15.99,0,1210,2
1056,6,ACE BAREFOOT,GREG DIETRICH,17.99,0,1440,2
1057,14,ACE BASIC,BRUCE DOUGLAS,29.99,0,1502,0
1058,1,ACE BEACH,HUMPHREY NEESON,11.99,0,1465,1
1059,11,ACE BEAR,DAN MIRANDA,24.99,0,1674,1
1060,13,ACE BEAST,BOB PENN,23.99,0,1470,1
1061,11,ACE BEAUTY,DREW BLANCHETT,14.99,0,1898,3
1062,11,ACE BED,DANIEL GARLAND,22.99,0,1555,3
1063,14,ACE BEDAZZLED,JUDE KIDMAN,26.99,0,1706,2
1064,9,ACE BEETHOVEN,LAURENCE OLIVIER,11.99,0,258,3
1065,15,ACE BEHAVIOR,ROBERT BASINGER,26.99,0,1388,0
1066,12,ACE BENEATH,CANDICE PINKETT,19.99,0,104,1
1067,10,ACE BERETS,JEREMY HARRIS,17.99,0,1173,1
1068,15,ACE BETRAYED,LEELEE HURT,13.99,0,270,3
1069,9,ACE BEVERLY,JULIETTE NORTON,26.99,0,196,0
1070,12,ACE BIKINI,KATHARINE HAYEK,12.99,0,1026,0
1071,10,ACE BILKO,MINNIE HANNAH,28.99,0,1862,2
1072,14,ACE BILL,RICHARD MALDEN,17.99,0,1203,3
1073,3,ACE BINGO,ANNE LOREN,29.99,0,1334,1
1074,1,ACE BIRCH,MARLENE WILLIS,12.99,0,1317,3
1075,13,ACE BIRD,RENEE DIETRICH,25.99,0,670,2
1076,1,ACE BIRDCAGE,JOHNNY WEST,19.99,0,570,0
1077,3,ACE BIRDS,JOHN BRODY,10.99,0,1941,3
1078,9,ACE BLACKOUT,CHRISTIAN SPACEK,18.99,0,736,1
1079,12,ACE BLADE,OLYMPIA FINNEY,23.99,0,639,0
1080,4,ACE BLANKET,UMA WINFREY,18.99,0,1461,2
1081,14,ACE BLINDNESS,ALAN FIENNES,11.99,0,1188,2
1082,5,ACE BLOOD,WARREN TAYLOR,24.99,0,759,2
1083,9,ACE BLUES,BRAD CROWE,11.99,0,1527,3
1084,9,ACE BOILED,BOB WITHERSPOON,13.99,0,918,0
1085,1,ACE BONNIE,MILLA GRANT,15.99,0,934,0
1086,16,ACE BOOGIE,FRANCES HURT,15.99,0,735,0
1087,6,ACE BOONDOCK,OPRAH FORD,28.99,0,599,1
1088,15,ACE BORN,CHRISTOPHER MONROE,27.99,0,1360,3
1089,9,ACE BORROWERS,MEG CAMPBELL,14.99,0,331,1
1090,4,ACE BOULEVARD,LAUREN MOSTEL,10.99,0,187,0
1091,10,ACE BOUND,RICHARD MARX,20.99,0,1336,0
1092,16,ACE BOWFINGER,MICHELLE MARTIN,12.99,0,499,3
1093,14,ACE BRANNIGAN,CARRIE PRESLEY,22.99,0,549,1
1094,2,ACE BRAVEHEART,JOE FIELD,22.99,0,1202,0
1095,5,ACE BREAKFAST,KENNETH MINELLI, 9.99,0,734,2
1096,8,ACE BREAKING,NATALIE WILSON,13.99,0,176,3
1097,6,ACE BRIDE,ROSIE BENING,23.99,0,826,1
1098,11,ACE BRIGHT,CUBA PACINO,27.99,0,1828,3
1099,4,ACE BRINGING,RUSSELL KUDROW,19.99,0,889,0
1100,10,ACE BROOKLYN,KEVIN BLOOM,19.99,0,1567,2
1101,3,ACE BROTHERHOOD,HUMPHREY WEST,18.99,0,12,2
1102,13,ACE BUBBLE,MORGAN PALTROW,14.99,0,439,2
1103,5,ACE BUCKET,GENE MOSTEL,27.99,0,1559,0
1104,10,ACE BUGSY,SOPHIA BRIDGES,29.99,0,1185,3
1105,13,ACE BULL,SANDRA WASHINGTON,20.99,0,816,0
1106,2,ACE BULWORTH,CUBA MOSTEL,22.99,0,1990,0
1107,5,ACE BUNCH,BETTE PHOENIX,11.99,0,1381,1
1108,11,ACE BUTCH,RIVER MCDORMAND,21.99,0,1123,0
1109,5,ACE BUTTERFLY,WOODY JACKMAN,18.99,0,921,0
1110,11,ACE CABIN,LIV GOLDBERG,11.99,0,107,3
1111,6,ACE CADDYSHACK,UMA FISHER,27.99,0,442,2
1112,15,ACE CALENDAR,CATE BRANDO,17.99,0,1969,3
1113,13,ACE CALIFORNIA,WOODY FREEMAN, 9.99,0,174,3
1114,3,ACE CAMELOT,JULIANNE DEGENERES,20.99,0,1938,0
1115,4,ACE CAMPUS,JESSICA WAHLBERG,29.99,0,1877,0
1116,5,ACE CANDIDATE,ROSIE KAHN,20.99,0,1842,0
1117,5,ACE CANDLES,NEVE BULLOCK,26.99,0,23,1
1118,15,ACE CANYON,MINNIE TURNER,22.99,0,1723,0
1119,4,ACE CAPER,SYLVESTER GUINESS,16.99,0,1196,0
1120,7,ACE CARIBBEAN,ETHAN GRANT,20.99,0,1970,2
1121,1,ACE CAROL,GEOFFREY NEESON,14.99,0,399,2
1122,14,ACE CARRIE,JUDY KIDMAN,22.99,0,2,0
1123,7,ACE CASABLANCA,NATALIE FIELD,28.99,0,1018,2
1124,11,ACE CASPER,GROUCHO CLOSE,16.99,0,260,3
1125,13,ACE CASSIDY,CLARK HAWN,12.99,0,231,2
1126,8,ACE CASUALTIES,TOM WITHERSPOON,11.99,0,402,3
1127,15,ACE CAT,TIM WAHLBERG,21.99,1,1908,0
1128,9,ACE CATCH,SCARLETT WRAY,19.99,0,1296,1
1129,6,ACE CAUSE,HENRY CAMPBELL,25.99,0,766,0
1130,10,ACE CELEBRITY,STEVE BEATTY,25.99,0,953,3
1131,9,ACE CENTER,ROBERT BENING,23.99,0,987,1
1132,5,ACE CHAINSAW,VAL LAW,20.99,0,197,3
1133,10,ACE CHAMBER,JODIE HECHE, 9.99,0,1906,0
1134,6,ACE CHAMPION,DARYL CHASE,10.99,0,1848,1
1135,9,ACE CHANCE,ZERO VOIGHT,17.99,0,1031,3
1136,10,ACE CHAPLIN,NICK HORNE,23.99,0,776,2
1137,3,ACE CHARADE,HUME COSTNER,24.99,0,724,1
1138,12,ACE CHARIOTS,ALBERT GABLE,18.99,0,613,0
1139,6,ACE CHASING,SIGOURNEY WOOD,12.99,0,1715,2
1140,14,ACE CHEAPER,LAURENCE HOPKINS,22.99,0,1439,3
1141,9,ACE CHICAGO,STEVE LEIGH,11.99,0,373,2
1142,16,ACE CHICKEN,ANTHONY FINNEY,11.99,0,594,0
1143,16,ACE CHILL,GEOFFREY ANISTON,27.99,0,1716,0
1144,7,ACE CHINATOWN,JON DENIRO,16.99,0,1260,0
1145,4,ACE CHISUM,ANNE PENN,16.99,0,545,2
1146,11,ACE CHITTY,UMA DAY,24.99,0,1726,3
1147,13,ACE CHOCOLAT,SALMA FOSTER,19.99,0,1344,3
1148,3,ACE CHOCOLATE,FRED BLOOM,12.99,0,1668,1
1149,2,ACE CHRISTMAS,ALEC KAHN,28.99,0,1699,0
1150,7,ACE CIDER,LENA PINKETT,21.99,0,1500,3
1151,16,ACE CINCINATTI,MERYL GOODING,24.99,0,400,0
1152,11,ACE CIRCUS,GOLDIE SOBIESKI, 9.99,0,183,0
1153,1,ACE CITIZEN,ALAN RICKMAN,23.99,0,221,1
1154,12,ACE CLASH,WILLEM MARTIN,13.99,0,1076,1
1155,7,ACE CLEOPATRA,MORGAN PITT,13.99,0,941,2
1156,7,ACE CLERKS,WARREN NEESON,13.99,0,1643,3
1157,1,ACE CLOCKWORK,JAMES EASTWOOD,19.99,0,715,2
1158,5,ACE CLONES,FAY PESCI,21.99,0,487,2
1159,4,ACE CLOSER,LAUREN MONROE,19.99,0,1643,0
1160,16,ACE CLUB,RUBY HAWN,12.99,0,1359,1
1161,5,ACE CLUE,ADAM ANISTON,13.99,0,614,1
1162,6,ACE CLUELESS,CHARLTON BOLGER,19.99,0,1850,1
1163,13,ACE CLYDE,HILARY CRUZ,24.99,0,1453,3
1164,9,ACE COAST,DARYL FISHER,24.99,0,1626,0
1165,1,ACE COLDBLOODED,DANIEL KINNEAR,29.99,0,1288,3
1166,6,ACE COLOR,CHARLES WILSON,27.99,0,539,3
1167,10,ACE COMA,RALPH BERGEN,14.99,0,1209,1
1168,10,ACE COMANCHEROS,ALBERT FIELD,12.99,0,43,0
1169,3,ACE COMFORTS,JON MCCONAUGHEY,24.99,0,853,0
1170,8,ACE COMMAND,RIVER BASINGER,16.99,0,1258,0
1171,12,ACE COMMANDMENTS,DANIEL DRIVER,26.99,0,922,2
1172,11,ACE CONEHEADS,JIM SARANDON,15.99,0,1064,0
1173,7,ACE CONFESSIONS,SANDRA PALTROW,27.99,0,848,2
1174,8,ACE CONFIDENTIAL,SHIRLEY HURT,10.99,0,937,2
1175,6,ACE CONFUSED,PARKER NICHOLSON,22.99,0,1407,3
1176,7,ACE CONGENIALITY,HALLE STREEP,11.99,0,1233,1
1177,2,ACE CONNECTICUT,BETTE BALL,15.99,0,1986,2
1178,1,ACE CONNECTION,JESSICA FAWCETT,13.99,0,1402,1
1179,8,ACE CONQUERER,ADRIEN HOPKINS,15.99,0,1945,2
1180,12,ACE CONSPIRACY,CHRIS POITIER,24.99,0,1521,1
1181,3,ACE CONTACT,CATE MANSFIELD,25.99,0,1156,0
1182,6,ACE CONTROL,EMILY BRANDO,28.99,0,1755,2
1183,11,ACE CONVERSATION,KEVIN PINKETT,15.99,0,675,2
1184,5,ACE CORE,BOB WITHERSPOON,28.99,0,1225,0
1185,10,ACE COWBOY,JAYNE CAINE,17.99,0,871,0
1186,3,ACE CRAFT,KATHARINE MARTIN,25.99,0,1390,1
1187,16,ACE CRANES,WOODY HAYEK,22.99,0,1386,0
1188,15,ACE CRAZY,WILLEM LAW,13.99,0,851,0
1189,16,ACE CREATURES,BRUCE WALKEN,22.99,0,1335,1
1190,16,ACE CREEPERS,KATE ROBERTS,26.99,0,1601,3
1191,6,ACE CROOKED,GOLDIE CAINE,10.99,0,1417,2
1192,16,ACE CROSSING,JUDY KILMER,18.99,0,419,3
1193,13,ACE CROSSROADS,SIDNEY DAVIS,13.99,0,334,1
1194,4,ACE CROW,KARL KIDMAN,25.99,0,702,1
1195,2,ACE CROWDS,WARREN PHOENIX,12.99,0,334,1
1196,16,ACE CRUELTY,FAY WINSLET,29.99,0,636,3
1197,7,ACE CRUSADE,CUBA AKROYD,13.99,0,1134,1
1198,9,ACE CRYSTAL,ZERO DEGENERES,10.99,0,609,3
1199,7,ACE CUPBOARD,LIZA BARRYMORE,15.99,0,86,1
1200,16,ACE CURTAIN,JUDE AKROYD,28.99,0,1370,3
1201,15,ACE CYCLONE,MADELINE FREEMAN,27.99,0,1560,1
1202,8,ACE DADDY,ANJELICA CRUZ,22.99,0,1813,2
1203,8,ACE DAISY,HILARY HAWN,22.99,0,317,1
1204,9,ACE DALMATIONS,MEG CRUZ,22.99,0,858,3
1205,5,ACE DANCES,MARLENE LEWIS,12.99,0,461,1
1206,2,ACE DANCING,MILLA KILMER,26.99,0,685,1
1207,16,ACE DANGEROUS,ANTHONY MCKELLEN,22.99,0,1524,2
1208,8,ACE DARES,CANDICE BALE,14.99,0,97,0
1209,15,ACE DARKNESS,LENA PITT,29.99,0,743,2
1210,13,ACE DARKO,CANDICE HECHE,24.99,0,55,0
1211,12,ACE DARLING,ALBERT SANDLER,24.99,0,1760,0
1212,13,ACE DARN,MARISA MIRANDA,15.99,0,1836,3
1213,15,ACE DATE,OPRAH PITT, 9.99,0,1150,1
1214,10,ACE DAUGHTER,GENE BLANCHETT,22.99,0,992,1
1215,2,ACE DAWN,SIDNEY TURNER,24.99,0,1545,3
1216,9,ACE DAY,FRED KEITEL,24.99,0,635,1
1217,2,ACE DAZED,SIGOURNEY DERN,12.99,0,1988,1
1218,2,ACE DECEIVER,KIM NEESON,11.99,0,735,0
1219,12,ACE DEEP,CARRIE HACKMAN,13.99,0,700,2
1220,6,ACE DEER,HELEN HAYEK,11.99,0,1399,0
1221,15,ACE DELIVERANCE,KENNETH BIRCH,16.99,0,986,0
1222,3,ACE DESERT,WILLIAM FAWCETT,22.99,0,699,0
1223,3,ACE DESIRE,THORA PECK,25.99,0,1771,0
1224,9,ACE DESPERATE,ORLANDO EASTWOOD,17.99,0,842,3
1225,3,ACE DESTINATION,SIDNEY BACALL,29.99,0,456,2
1226,4,ACE DESTINY,JODIE HUNT,12.99,0,1505,0
1227,3,ACE DETAILS,GWYNETH WINFREY,13.99,0,1742,1
1228,10,ACE DETECTIVE,MEG DOUGLAS,20.99,0,1319,0
1229,12,ACE DEVIL,DIANE SARANDON,10.99,0,1979,2
1230,16,ACE DIARY,JUDI WILSON,12.99,0,968,3
1231,11,ACE DINOSAUR,GREGORY SPACEK,25.99,0,720,3
1232,1,ACE DIRTY,VIVIEN KELLY,17.99,0,1451,1
1233,2,ACE DISCIPLE,VIVIEN DEE,19.99,0,1763,3
1234,4,ACE DISTURBING,UMA MCDORMAND,18.99,0,1976,0
1235,11,ACE DIVIDE,EWAN PACINO,28.99,0,1276,0
1236,3,ACE DIVINE,WHOOPI DREYFUSS,13.99,0,992,3
1237,7,ACE DIVORCE,DANIEL BOLGER,28.99,0,889,2
1238,16,ACE DOCTOR,JOAN BRANDO,15.99,0,201,3
1239,1,ACE DOGMA,SYLVESTER DEE,20.99,0,1140,2
1240,16,ACE DOLLS,CHRIS MALDEN,16.99,0,375,3
1241,8,ACE DONNIE,PEARL AFFLECK,22.99,0,1628,2
1242,2,ACE DOOM,MINNIE TEMPLE,21.99,0,586,3
1243,1,ACE DOORS,JAMES HORNE, 9.99,0,930,2
1244,10,ACE DORADO,JUDY CAGE,17.99,0,364,2
1245,12,ACE DOUBLE,OLYMPIA LOREN,26.99,0,1997,3
1246,3,ACE DOUBTFIRE,LENA MCCONAUGHEY,27.99,0,528,3
1247,12,ACE DOWNHILL,ZERO GOLDBERG,25.99,0,1597,0
1248,11,ACE DOZEN,OLYMPIA POSEY,25.99,0,264,1
1249,5,ACE DRACULA,GREG GRANT,26.99,0,1773,0
1250,14,ACE DRAGON,CHARLES FONDA,21.99,0,718,0
1251,6,ACE DRAGONFLY,CARY DIAZ,21.99,0,1289,0
1252,16,ACE DREAM,MENA AKROYD,12.99,0,114,2
1253,1,ACE DRIFTER,FAY SUVARI,26.99,0,127,3
1254,5,ACE DRIVER,CLINT GARLAND,11.99,0,1551,1
1255,16,ACE DRIVING,ADRIEN PITT,17.99,0,308,0
1256,5,ACE DROP,JULIANNE FISHER, 9.99,0,1309,0
1257,14,ACE DRUMLINE,JUDY KILMER,22.99,0,72,0
1258,10,ACE DRUMS,CLARK HEPBURN,25.99,0,67,3
1259,8,ACE DUCK,RIVER RICKMAN, 9.99,0,1851,2
1260,11,ACE DUDE,HUGH BULLOCK,12.99,0,1082,0
1261,11,ACE DUFFEL,DUSTIN DAY-LEWIS,20.99,0,1923,1
1262,8,ACE DUMBO,MEG BERRY,28.99,0,1338,3
1263,8,ACE DURHAM,MICHELLE HEPBURN,14.99,0,1228,1
1264,13,ACE DWARFS,CHRISTOPHER KIDMAN,28.99,0,1293,1
1265,13,ACE DYING,ELIZABETH WASHINGTON,29.99,0,945,3
1266,1,ACE DYNAMITE,JUDY LOLLOBRIGIDA,17.99,0,1258,3
1267,12,ACE EAGLES,ANNETTE WOOD,26.99,0,1238,3
1268,8,ACE EARLY,LISA TORN,28.99,0,949,2
1269,15,ACE EARRING,LISA KAHN,21.99,0,1373,1
1270,2,ACE EARTH,HELEN PECK,22.99,0,660,3
1271,5,ACE EASY,THORA TANDY,15.99,0,389,0
1272,15,ACE EDGE,TIM WILLIAMS,25.99,0,903,2
1273,2,ACE EFFECT,JENNIFER RYAN,19.99,0,12,3
1274,11,ACE EGG,ROBIN GRANT,25.99,0,1709,0
1275,2,ACE EGYPT,CHRIS BALL,10.99,0,1661,0
1276,8,ACE ELEMENT,ANGELA NOLTE,27.99,0,167,2
1277,14,ACE ELEPHANT,CARRIE ASTAIRE,28.99,0,1578,1
1278,16,ACE ELF,FAY LEIGH,28.99,0,490,2
1279,9,ACE ELIZABETH,BELA MOSTEL,22.99,0,482,1
1280,10,ACE EMPIRE,ELVIS MOSTEL,16.99,0,276,0
1281,10,ACE ENCINO,INGRID LEWIS,14.99,0,989,0
1282,8,ACE ENCOUNTERS,DENNIS KUDROW,13.99,0,755,0
1283,11,ACE ENDING,IAN BRODY,16.99,0,1625,2
1284,7,ACE ENEMY,UMA DAVIS,28.99,0,1137,3
1285,10,ACE ENGLISH,ZERO LUGOSI,24.99,0,779,0
1286,1,ACE ENOUGH,WOODY WAHLBERG,19.99,0,740,1
1287,1,ACE ENTRAPMENT,CARRIE MCKELLEN,11.99,0,1693,1
1288,12,ACE ESCAPE,NICK TAUTOU,13.99,0,810,3
1289,14,ACE EVE,THORA MARX,21.99,0,834,3
1290,7,ACE EVERYONE,LIZA FONDA,19.99,0,9,3
1291,15,ACE EVOLUTION,WILL HUSTON,16.99,0,895,0
1292,14,ACE EXCITEMENT,ADAM MARTIN,27.99,0,643,3
1293,2,ACE EXORCIST,GINA RYDER,11.99,0,628,2
1294,2,ACE EXPECATIONS,RICHARD GOLDBERG,12.99,0,253,3
1295,14,ACE EXPENDABLE,GREG TANDY,18.99,0,792,0
1296,1,ACE EXPRESS,ADAM FIENNES,24.99,0,218,2
1297,6,ACE EXTRAORDINARY,WILLIAM TAYLOR,23.99,0,1150,0
1298,10,ACE EYES,KIRSTEN PALTROW,28.99,0,982,3
1299,16,ACE FACTORY,GRETA MIRANDA,15.99,0,1705,3
1300,13,ACE FALCON,JACK ANISTON,11.99,0,1526,2
1301,16,ACE FAMILY,CHARLES DUNST,11.99,0,714,1
1302,11,ACE FANTASIA,TOM REYNOLDS,12.99,0,51,1
1303,2,ACE FANTASY,LAURENCE WASHINGTON,11.99,0,468,1
1304,4,ACE FARGO,SOPHIA DAY-LEWIS,28.99,0,829,0
1305,7,ACE FATAL,CARMEN TAUTOU,26.99,0,1831,3
1306,11,ACE FEATHERS,RUSSELL BERRY,28.99,0,1952,0
1307,15,ACE FELLOWSHIP,KEVIN NOLTE,23.99,0,219,0
1308,3,ACE FERRIS,ANJELICA WEAVER, 9.99,0,1619,2
1309,9,ACE FEUD,ANJELICA DERN,20.99,0,1337,0
1310,16,ACE FEVER,RIP PECK,13.99,0,1820,0
1311,6,ACE FICTION,DREW FIELD,24.99,0,911,2
1312,16,ACE FIDDLER,MERYL THERON,23.99,0,1146,1
1313,8,ACE FIDELITY,HILARY MCKELLEN,17.99,0,960,0
1314,6,ACE FIGHT,JEREMY NEESON,22.99,0,76,2
1315,14,ACE FINDING,PENELOPE MCDORMAND,25.99,0,239,0
1316,9,ACE FIRE,MINNIE BLOOM,19.99,0,1921,2
1317,8,ACE FIREBALL,JUDI WASHINGTON,16.99,0,525,3
1318,1,ACE FIREHOUSE,KATHARINE SUVARI,10.99,0,1657,0
1319,1,ACE FISH,NICOLAS SILVERSTONE,14.99,0,1655,3
1320,3,ACE FLAMINGOS,HUME SWANK,23.99,0,650,3
1321,10,ACE FLASH,VIVIEN THERON, 9.99,0,959,1
1322,2,ACE FLATLINERS,KIRK KAHN,24.99,0,763,2
1323,6,ACE FLIGHT,RUSSELL ASTAIRE,27.99,0,1174,2
1324,14,ACE FLINTSTONES,LANA VOIGHT,14.99,0,33,3
1325,10,ACE FLOATS,NATALIE GIBSON,26.99,0,1317,1
1326,13,ACE FLYING,JOAN MANSFIELD,28.99,0,1061,2
1327,4,ACE FOOL,ROCK CRUISE,18.99,0,1656,1
1328,7,ACE FOREVER,GENE STREEP,28.99,0,1856,2
1329,11,ACE FORREST,ELLEN DICAPRIO, 9.99,0,986,2
1330,2,ACE FORRESTER,MEL BERGEN,28.99,0,286,0
1331,2,ACE FORWARD,CHRISTOPHER MANSFIELD, 9.99,0,241,1
1332,10,ACE FRANKENSTEIN,NICK ROBERTS,18.99,0,832,2
1333,9,ACE FREAKY,DANIEL DENCH,10.99,0,1278,3
1334,13,ACE FREDDY,SOPHIA LOLLOBRIGIDA,14.99,0,1173,1
1335,12,ACE FREEDOM,GEOFFREY TOMEI,19.99,0,1635,2
1336,10,ACE FRENCH,LANA CAMPBELL, 9.99,0,1612,0
1337,9,ACE FRIDA,TIM REYNOLDS,29.99,0,1583,3
1338,14,ACE FRISCO,SUSAN IRONS,16.99,0,1654,3
1339,6,ACE FROGMEN,GREGORY BALL,15.99,0,933,3
1340,11,ACE FRONTIER,SISSY PESCI,21.99,0,407,1
1341,13,ACE FROST,RUBY RICKMAN,19.99,0,278,2
1342,4,ACE FUGITIVE,SISSY PFEIFFER,15.99,0,271,1
1343,9,ACE FULL,JOHN TURNER,25.99,0,660,1
1344,5,ACE FURY,SUSAN ODONNELL,27.99,0,1663,3
1345,2,ACE GABLES,DENZEL CRAWFORD,11.99,0,1577,0
1346,7,ACE GALAXY,GREGORY HOPKINS,14.99,0,1725,0
1347,15,ACE GAMES,JESSICA WEAVER,29.99,0,1728,1
1348,9,ACE GANDHI,BURT TAUTOU,14.99,0,1230,1
1349,12,ACE GANGS,RIP SARANDON,18.99,0,512,2
1350,14,ACE GARDEN,EDWARD WASHINGTON,16.99,0,512,2
1351,8,ACE GASLIGHT,DIANE PITT,18.99,0,983,2
1352,11,ACE GATHERING,JULIANNE TAUTOU,13.99,0,446,1
1353,12,ACE GENTLEMEN,ANNE RUSSELL,14.99,0,1227,1
1354,11,ACE GHOST,KENNETH OLIVIER,22.99,0,1576,1
1355,15,ACE GHOSTBUSTERS,STEVE SINATRA, 9.99,0,1048,3
1356,15,ACE GIANT,MORGAN HOPKINS,11.99,0,594,3
1357,11,ACE GILBERT,RUBY BERGEN,12.99,0,777,0
1358,11,ACE GILMORE,KARL GARCIA,16.99,0,1921,2
1359,16,ACE GLADIATOR,MARILYN KEATON,21.99,0,1125,3
1360,6,ACE GLASS,ZERO PITT,22.99,0,152,0
1361,16,ACE GLEAMING,ROCK BRANDO,19.99,0,1621,0
1362,5,ACE GLORY,DIANE BULLOCK,12.99,0,118,2
1363,14,ACE GO,TIM DOUGLAS,19.99,0,472,3
1364,13,ACE GODFATHER,JANE HUNT,11.99,0,289,3
1365,8,ACE GOLD,GREGORY HARRIS,19.99,0,990,1
1366,11,ACE GOLDFINGER,GOLDIE HANNAH,19.99,0,1639,1
1367,13,ACE GOLDMINE,JADA DAY-LEWIS,15.99,0,1213,2
1368,8,ACE GONE,JODIE BRANDO,13.99,0,1028,1
1369,14,ACE GOODFELLAS,MEL RYAN,14.99,0,326,2
1370,8,ACE GORGEOUS,WARREN LANCASTER,29.99,0,967,3
1371,11,ACE GOSFORD,MICHELLE FISHER,15.99,0,197,2
1372,3,ACE GRACELAND,JENNIFER WILSON,23.99,0,1530,0
1373,11,ACE GRADUATE,ZERO EASTWOOD, 9.99,0,969,0
1374,12,ACE GRAFFITI,KARL CRUZ, 9.99,0,409,0
1375,2,ACE GRAIL,OLYMPIA BEATTY,25.99,0,567,2
1376,14,ACE GRAPES,SALLY BARRYMORE,28.99,0,928,2
1377,14,ACE GREASE,JOAN LOREN,19.99,0,1289,1
1378,6,ACE GREATEST,CARY BENING, 9.99,0,555,0
1379,6,ACE GREEDY,BELA RYAN,26.99,0,748,1
1380,15,ACE GREEK,PARKER TURNER, 9.99,0,1142,3
1381,3,ACE GRINCH,ANJELICA HAWKE,16.99,0,1448,1
1382,5,ACE GRIT,REESE STREEP,10.99,0,321,1
1383,6,ACE GROOVE,ROBIN TURNER,22.99,0,1532,0
1384,16,ACE GROSSE,CHEVY BULLOCK,17.99,0,127,2
1385,9,ACE GROUNDHOG,HENRY KELLY,23.99,0,977,2
1386,11,ACE GUMP,SISSY BALE,29.99,0,1504,3
1387,15,ACE GUN,ADRIEN STALLONE,28.99,0,940,0
1388,6,ACE GUNFIGHT,LEELEE POITIER,27.99,0,983,2
1389,14,ACE GUNFIGHTER,EDWARD DIETRICH,13.99,0,1357,0
1390,12,ACE GUYS,CARRIE DAY,26.99,0,1806,0
1391,15,ACE HALF,CARY WILLIS,20.99,0,1568,3
1392,14,ACE HALL,WOODY DIETRICH,25.99,0,1365,1
1393,16,ACE HALLOWEEN,CHARLES CROWE,20.99,0,787,3
1394,8,ACE HAMLET,GLENN POITIER,28.99,0,1239,1
1395,3,ACE HANDICAP,JODIE MOSTEL,28.99,0,87,3
1396,6,ACE HANGING,STEVE LANCASTER,22.99,0,629,1
1397,11,ACE HANKY,GENE CAGE,28.99,0,1342,1
1398,7,ACE HANOVER,KIRK GARLAND,22.99,0,1874,3
1399,13,ACE HAPPINESS,CHARLIZE HECHE,20.99,0,1586,2
1400,1,ACE HARDLY,CHRISTOPHER DAFOE,21.99,0,1159,3
1401,6,ACE HAROLD,ROSIE BARRYMORE, 9.99,0,1685,3
1402,6,ACE HARPER,MICHELLE MCCONAUGHEY,18.99,0,1854,3
1403,4,ACE HARRY,CHRIS DIETRICH,23.99,0,464,1
1404,5,ACE HATE,CARRIE RYAN,25.99,0,1302,2
1405,1,ACE HAUNTED,CARY TURNER,10.99,0,1541,0
1406,12,ACE HAUNTING,ADAM MARX,13.99,0,1611,1
1407,13,ACE HAWK,RUSSELL HANNAH,29.99,0,530,0
1408,11,ACE HEAD,JEREMY KUDROW,23.99,0,356,0
1409,10,ACE HEARTBREAKERS,IAN ASTAIRE,17.99,0,1109,2
1410,2,ACE HEAVEN,RUSSELL BERRY,21.99,0,1235,0
1411,10,ACE HEAVENLY,MATT HARRIS,28.99,0,20,2
1412,7,ACE HEAVYWEIGHTS,SALLY PITT,11.99,0,1047,2
1413,9,ACE HEDWIG,JULIETTE DEAN,29.99,0,1604,0
1414,1,ACE HELLFIGHTERS,CHRISTOPHER CROWE,29.99,0,917,1
1415,9,ACE HIGH,ORLANDO STREEP,11.99,0,216,0
1416,14,ACE HIGHBALL,HELEN KILMER,24.99,0,1934,2
1417,10,ACE HILLS,MIRA BLANCHETT,24.99,0,115,2
1418,2,ACE HOBBIT,MINNIE BERRY,13.99,0,1420,3
1419,12,ACE HOCUS,HILARY LOREN,21.99,0,1336,3
1420,15,ACE HOLES,SANDRA IRONS,12.99,0,1168,3
1421,8,ACE HOLIDAY,MAE NEESON,22.99,0,969,1
1422,2,ACE HOLLOW,MEG MARTIN,26.99,0,500,0
1423,9,ACE HOLLYWOOD,LEELEE NORTON,13.99,0,417,0
1424,16,ACE HOLOCAUST,ELIZABETH GARLAND,13.99,0,63,2
1425,11,ACE HOLY,ELLEN BALL,23.99,0,780,1
1426,9,ACE HOME,THORA DAVIS,12.99,0,222,0
1427,2,ACE HOMEWARD,ALICIA DERN,17.99,0,837,0
1428,13,ACE HOMICIDE,BURT MCDORMAND, 9.99,0,1900,3
1429,12,ACE HONEY,WILL BARRYMORE,21.99,0,1386,2
1430,6,ACE HOOK,DEBBIE KEITEL,22.99,0,1117,1
1431,13,ACE HOOSIERS,LISA BARRYMORE,22.99,0,201,0
1432,7,ACE HOPE,ELVIS CAGE,10.99,0,405,2
1433,4,ACE HORN,JULIANNE HAWKE,23.99,0,1844,3
1434,14,ACE HORROR,LUCILLE HEPBURN,29.99,0,94,1
1435,8,ACE HOTEL,MICHELLE CAGE,17.99,0,252,3
1436,14,ACE HOURS,SALMA HUNT,27.99,0,1345,2
1437,12,ACE HOUSE,ANNE TORN,28.99,0,1687,0
1438,3,ACE HUMAN,SCARLETT GARCIA,29.99,0,70,2
1439,16,ACE HUNCHBACK,JULIETTE MATTHAU,28.99,0,1512,0
1440,10,ACE HUNGER,MERYL HOPE,10.99,0,1671,3
1441,11,ACE HUNTER,VAL HOFFMAN,29.99,0,613,3
1442,6,ACE HUNTING,GEOFFREY HUDSON,13.99,0,244,1
1443,6,ACE HURRICANE,MATT LANSBURY,25.99,0,327,3
1444,16,ACE HUSTLER,BELA BARRYMORE,11.99,0,1649,2
1445,8,ACE HYDE,MERYL ASTAIRE,21.99,0,813,0
1446,13,ACE HYSTERICAL,LUCILLE HOPKINS,10.99,0,944,1
1447,5,ACE ICE,BEN BOLGER,14.99,0,1013,0
1448,11,ACE IDAHO,FRED MINELLI,23.99,0,422,1
1449,14,ACE IDENTITY,JUDE DEGENERES,24.99,0,1107,0
1450,11,ACE IDOLS,SHIRLEY ROBERTS,17.99,0,6,3
1451,15,ACE IGBY,NICK BERGMAN,25.99,0,786,1
1452,10,ACE ILLUSION,OLYMPIA KELLY,11.99,0,430,2
1453,13,ACE IMAGE,SIDNEY DAVIS,19.99,0,1087,1
1454,16,ACE IMPACT,SHIRLEY TANDY, 9.99,0,600,3
1455,1,ACE IMPOSSIBLE,DEBBIE TAYLOR,25.99,0,165,1
1456,8,ACE INCH,PEARL MATTHAU,24.99,0,1130,3
1457,9,ACE INDEPENDENCE,STEVE ASTAIRE,19.99,0,456,2
1458,12,ACE INDIAN,MORGAN CRUISE,20.99,0,1455,0
1459,15,ACE INFORMER,EDWARD BOLGER,24.99,0,537,2
1460,11,ACE INNOCENT,JODIE HESTON,19.99,0,1461,2
1461,5,ACE INSECTS,GWYNETH BASINGER, 9.99,0,1735,1
1462,11,ACE INSIDER,CHRISTIAN SILVERSTONE,19.99,0,1418,0
1463,7,ACE INSTINCT,RUSSELL MONROE,12.99,0,1566,0
1464,4,ACE INTENTIONS,GWYNETH DIETRICH,20.99,0,1477,1
1465,5,ACE INTERVIEW,JUDE KUDROW,23.99,0,1550,1
1466,13,ACE INTOLERABLE,ALBERT CLOSE,20.99,0,1275,0
1467,3,ACE INTRIGUE,MEL PALTROW, 9.99,0,140,1
1468,15,ACE INVASION,CATE HEPBURN,13.99,0,598,3
1469,8,ACE IRON,MILLA TAYLOR,20.99,0,661,1
1470,4,ACE ISHTAR,WILL PRESLEY,19.99,0,789,2
1471,10,ACE ISLAND,IAN HACKMAN,19.99,0,1539,2
1472,4,ACE ITALIAN,LANA MOORE,23.99,0,912,0
1473,11,ACE JACKET,MAE LEWIS,13.99,0,1940,0
1474,2,ACE JADE,CARRIE MCDORMAND,29.99,0,1875,0
1475,7,ACE JAPANESE,SUSAN KINNEAR,20.99,0,514,1
1476,16,ACE JASON,MATT NEESON,11.99,0,961,0
1477,11,ACE JAWBREAKER,CHRIS STALLONE,13.99,0,472,0
1478,7,ACE JAWS,MICHELLE BARRYMORE,20.99,0,1859,0
1479,13,ACE JEDI,RALPH DIETRICH,29.99,0,964,1
1480,9,ACE JEEPERS,ANNE MCQUEEN,19.99,0,457,1
1481,12,ACE JEKYLL,ROSIE KEITEL,11.99,0,980,2
1482,6,ACE JEOPARDY,AUDREY JACKMAN,15.99,0,1757,0
1483,4,ACE JERICHO,CAMERON TAYLOR, 9.99,0,1898,2
1484,9,ACE JERK,WILLIAM TANDY,16.99,0,1361,2
1485,15,ACE JERSEY,ALEC CHAPLIN,19.99,0,748,0
1486,7,ACE JET,NATALIE DERN,11.99,0,1516,1
1487,5,ACE JINGLE,ANNE POITIER,23.99,0,368,0
1488,12,ACE JOON,LAURENCE DENIRO, 9.99,0,1759,1
1489,8,ACE JUGGLER,JUDE DENCH,19.99,0,1234,3
1490,1,ACE JUMANJI,DARYL RUSH,15.99,0,1136,2
1491,16,ACE JUMPING,CHRISTIAN POSEY,19.99,0,1063,1
1492,16,ACE JUNGLE,ALICIA WAHLBERG,28.99,0,1982,3
1493,16,ACE KANE,MATTHEW FONDA,17.99,0,568,0
1494,13,ACE KARATE,LIZA BOGART,17.99,0,1638,3
1495,3,ACE KENTUCKIAN,RIP STREEP,10.99,0,1254,0
1496,3,ACE KICK,CATE MONROE,26.99,0,1396,1
1497,9,ACE KILL,DARYL THURMAN,19.99,0,114,3
1498,10,ACE KILLER,TOM GARLAND,24.99,0,799,0
1499,15,ACE KING,SEAN FIENNES,29.99,0,771,2
1500,16,ACE KISS,WALTER DENIRO,21.99,0,1310,1
1501,15,ACE KISSING,DAN PENN,15.99,0,1283,0
1502,3,ACE KNOCK,JAYNE AFFLECK,14.99,0,1583,3
1503,7,ACE KRAMER,ANGELINA IRONS,25.99,0,1698,0
1504,1,ACE KWAI,CATE PRESLEY,15.99,0,431,1
1505,11,ACE LABYRINTH,MERYL WAHLBERG,14.99,0,1790,0
1506,2,ACE LADY,MARLON FONDA,16.99,0,233,3
1507,12,ACE LADYBUGS,MEG DAFOE,14.99,0,1489,2
1508,16,ACE LAMBS,HARVEY MANSFIELD,21.99,0,312,1
1509,7,ACE LANGUAGE,MINNIE ANISTON,12.99,0,1539,0
1510,10,ACE LAWLESS,DEBBIE DREYFUSS,21.99,1,1929,2
1511,10,ACE LAWRENCE,PAUL WILLIS,13.99,0,173,1
1512,8,ACE LEAGUE,ROBIN GUINESS,18.99,0,1219,2
1513,1,ACE LEATHERNECKS,JOHN DREYFUSS,18.99,0,1328,3
1514,16,ACE LEBOWSKI,NEVE WOOD,15.99,0,983,2
1515,10,ACE LEGALLY,WOODY BERGMAN,22.99,0,1348,2
1516,5,ACE LEGEND,ROBIN MOORE,23.99,0,1868,2
1517,1,ACE LESSON,ED AFFLECK,26.99,0,550,2
1518,12,ACE LIAISONS,JODIE WEAVER,11.99,0,1470,2
1519,13,ACE LIBERTY,CHARLTON LANSBURY,24.99,0,1644,0
1520,2,ACE LICENSE,NICK COSTNER,22.99,0,1459,1
1521,13,ACE LIES,ANNETTE MARX,17.99,0,1096,1
1522,14,ACE LIFE,MAE HURT,19.99,0,1275,1
1523,15,ACE LIGHTS,ED FIENNES,11.99,0,353,1
1524,15,ACE LION,FAY CHAPLIN,18.99,0,1448,0
1525,1,ACE LOATHING,EDWARD GARBO,20.99,0,1624,2
1526,15,ACE LOCK,ALBERT CARREY,26.99,0,1455,2
1527,1,ACE LOLA,GRACE DICAPRIO,21.99,0,1900,3
1528,10,ACE LOLITA,EMILY WILSON,21.99,0,1499,0
1529,8,ACE LONELY,MINNIE MONROE,20.99,0,1408,3
1530,2,ACE LORD,DENNIS ANISTON,23.99,0,1881,1
1531,15,ACE LOSE,JODIE SMITH,20.99,0,848,3
1532,9,ACE LOSER,RUBY MOSTEL,11.99,0,1042,3
1533,9,ACE LOST,PENELOPE MALDEN,13.99,0,1932,3
1534,3,ACE LOUISIANA,MATTHEW DAY,22.99,0,1081,3
1535,11,ACE LOVE,SIGOURNEY MONROE,13.99,0,138,3
1536,2,ACE LOVELY,JEREMY WILLIS,16.99,0,891,1
1537,4,ACE LOVER,ADAM RUSSELL,13.99,0,1425,0
1538,8,ACE LOVERBOY,ANTHONY RYDER,24.99,0,1235,2
1539,8,ACE LUCK,LEONARDO TOMEI,22.99,0,221,3
1540,14,ACE LUCKY,JUDI WRAY,16.99,0,342,3
1541,5,ACE LUKE,ELLEN CARREY,20.99,0,535,1
1542,5,ACE LUST,ELLEN GARLAND,25.99,0,238,0
1543,4,ACE MADIGAN,RUBY SORVINO,16.99,0,1804,1
1544,3,ACE MADISON,RITA HAWKE,23.99,0,199,2
1545,16,ACE MADNESS,SALMA MCDORMAND,13.99,0,302,1
1546,11,ACE MADRE,BOB HOPE,20.99,0,1802,0
1547,16,ACE MAGIC,EMILY DUKAKIS,23.99,0,1870,3
1548,13,ACE MAGNIFICENT,BRAD DAY-LEWIS,21.99,0,1169,3
1549,1,ACE MAGNOLIA,SANDRA LEWIS,14.99,0,656,2
1550,1,ACE MAGUIRE,MEG ZELLWEGER,12.99,0,1497,2
1551,11,ACE MAIDEN,HILARY LUGOSI,29.99,0,1676,3
1552,10,ACE MAJESTIC,GEOFFREY WAYNE,10.99,0,48,0
1553,3,ACE MAKER,GARY SANDLER,24.99,0,587,0
1554,1,ACE MALKOVICH,AUDREY COOPER,21.99,0,1697,2
1555,6,ACE MALLRATS,GREG HAYEK,24.99,0,411,1
1556,1,ACE MALTESE,GENE GABLE,21.99,0,1155,0
1557,16,ACE MANCHURIAN,LENA TEMPLE,20.99,0,205,3
1558,8,ACE MANNEQUIN,CANDICE MCDORMAND,13.99,0,1355,2
1559,12,ACE MARRIED,DAN LEIGH,11.99,0,1199,1
1560,9,ACE MARS,JOE LANCASTER,17.99,0,1432,0
1561,2,ACE MASK,PEARL SUVARI,17.99,0,1867,3
1562,15,ACE MASKED,JIM IRONS,17.99,0,1547,0
1563,2,ACE MASSACRE,ANNETTE MARX,22.99,0,1140,1
1564,12,ACE MASSAGE,SIDNEY LEIGH,15.99,0,670,2
1565,12,ACE MATRIX,SHIRLEY WAYNE,25.99,0,551,3
1566,8,ACE MAUDE,GROUCHO HAWN,19.99,0,724,1
1567,7,ACE MEET,FRANK NORTON,17.99,0,72,1
1568,6,ACE MEMENTO,MAE CLOSE,16.99,0,1269,1
1569,4,ACE MENAGERIE,BETTE DEE,13.99,0,673,3
1570,16,ACE MERMAID,FRED MATTHAU,29.99,0,611,2
1571,15,ACE METAL,OPRAH KAHN,15.99,0,1744,1
1572,12,ACE METROPOLIS,SIDNEY CHASE,24.99,1,1003,2
1573,7,ACE MICROCOSMOS,SIDNEY BRODY,24.99,0,1543,1
1574,6,ACE MIDNIGHT,DENZEL HESTON,22.99,0,679,1
1575,11,ACE MIDSUMMER,MINNIE LANSBURY,10.99,0,86,2
1576,4,ACE MIGHTY,ELLEN TAYLOR,14.99,0,1202,1
1577,3,ACE MILE,ALEC HESTON,28.99,0,621,2
1578,2,ACE MILLION,CHEVY HOFFMAN,23.99,0,150,2
1579,10,ACE MINDS,DIANE NORTON,10.99,0,263,0
1580,16,ACE MINE,CANDICE BALL,24.99,0,1795,0
1581,15,ACE MINORITY,HUME WEAVER, 9.99,0,789,3
1582,11,ACE MIRACLE,CHARLTON GUINESS,20.99,0,1444,0
1583,12,ACE MISSION,LEELEE CARREY,23.99,0,1206,2
1584,3,ACE MIXED,JAYNE ROBBINS,24.99,0,1661,0
1585,10,ACE MOB,LEELEE DREYFUSS,14.99,0,813,2
1586,4,ACE MOCKINGBIRD,GREG COSTNER,28.99,0,38,2
1587,3,ACE MOD,NEVE DEE,16.99,0,1298,3
1588,2,ACE MODEL,MERYL TURNER,17.99,0,1712,3
1589,16,ACE MODERN,HARVEY VOIGHT,15.99,0,1177,3
1590,14,ACE MONEY,THORA BOGART,14.99,0,638,2
1591,10,ACE MONSOON,ALICIA HOPPER,20.99,0,1911,1
1592,1,ACE MONSTER,JULIETTE HAWKE,24.99,0,1158,3
1593,12,ACE MONTEREY,RAY DICAPRIO,22.99,0,490,2
1594,15,ACE MONTEZUMA,BURT LEIGH,16.99,0,636,1
1595,14,ACE MOON,LUCILLE MALDEN, 9.99,0,475,0
1596,10,ACE MOONSHINE,MATT ALLEN,13.99,0,379,1
1597,15,ACE MOONWALKER,AUDREY IRONS,29.99,0,645,2
1598,5,ACE MOSQUITO,JESSICA KIDMAN,20.99,0,766,3
1599,5,ACE MOTHER,JULIANNE HAWN,16.99,0,1775,3
1600,11,ACE MOTIONS,RIP TORN,21.99,0,852,0
1601,15,ACE MOULIN,CARY BRODY,19.99,0,1921,1
1602,14,ACE MOURNING,AUDREY RYDER,23.99,0,1904,3
1603,7,ACE MOVIE,LIAM JACKMAN,20.99,0,1153,1
1604,1,ACE MULAN,SALMA LANSBURY,17.99,0,1561,0
1605,1,ACE MULHOLLAND,ROBIN BRODY,27.99,0,210,1
1606,12,ACE MUMMY,ORLANDO KAHN,28.99,0,1959,2
1607,9,ACE MUPPET,WILLIAM SUVARI,13.99,0,309,0
1608,14,ACE MURDER,INGRID MARX,10.99,0,344,1
1609,11,ACE MUSCLE,MIRA HARRIS,11.99,0,1562,2
1610,10,ACE MUSIC,NATALIE WILLIS,10.99,0,1770,3
1611,14,ACE MUSKETEERS,KIRK WATSON,17.99,0,1388,1
1612,5,ACE MUSSOLINI,OPRAH PHOENIX,14.99,0,1589,2
1613,5,ACE MYSTIC,JOHNNY IRONS,27.99,0,237,1
1614,14,ACE NAME,AL AFFLECK,21.99,0,1971,0
1615,9,ACE NASH,JEREMY LOREN,19.99,0,41,3
1616,6,ACE NATIONAL,ELVIS KEITEL,28.99,0,740,1
1617,12,ACE NATURAL,TIM DUNST,22.99,0,1445,2
1618,5,ACE NECKLACE,ANJELICA CRUZ,17.99,0,1747,2
1619,6,ACE NEIGHBORS,BELA HEPBURN,22.99,0,1142,1
1620,4,ACE NEMO,KEVIN GARLAND,14.99,0,1040,0
1621,2,ACE NETWORK,HUME RYDER, 9.99,0,966,2
1622,7,ACE NEWSIES,OPRAH BERGEN,26.99,0,1419,3
1623,10,ACE NEWTON,JAMES MONROE,25.99,0,1857,0
1624,12,ACE NIGHTMARE,CLINT CRUZ,10.99,0,949,1
1625,1,ACE NONE,RIP HORNE,26.99,0,834,3
1626,11,ACE NOON,GARY HESTON,25.99,0,1802,2
1627,9,ACE NORTH,LAURA DEAN,15.99,0,1745,2
1628,14,ACE NORTHWEST,GINA DAMON,12.99,0,1671,0
1629,6,ACE NOTORIOUS,BEN DENCH,18.99,0,1283,3
1630,1,ACE NOTTING,DUSTIN HACKMAN,26.99,0,271,0
1631,9,ACE NOVOCAINE,NICOLE PECK,15.99,0,584,1
1632,7,ACE NUTS,CATE GARBO,15.99,0,1242,0
1633,16,ACE OCTOBER,WOODY BIRCH,13.99,0,120,1
1634,14,ACE ODDS,SIGOURNEY PRESLEY,11.99,0,469,2
1635,12,ACE OKLAHOMA,ANDY RUSH,20.99,0,1605,2
1636,9,ACE OLEANDER,GLENN SILVERSTONE,17.99,0,594,2
1637,5,ACE OPEN,JON LUGOSI,19.99,0,1743,1
1638,4,ACE OPERATION,ROCK KELLY,21.99,0,1596,2
1639,3,ACE OPPOSITE,CLINT HOPPER, 9.99,0,826,3
1640,4,ACE OPUS,LAURENCE BLOOM,10.99,0,55,3
1641,15,ACE ORANGE,GARY WINSLET,19.99,0,966,1
1642,16,ACE ORDER,HALLE HACKMAN,25.99,0,221,2
1643,4,ACE ORIENT,HELEN DIAZ,14.99,0,168,1
1644,7,ACE OSCAR,HUME BLANCHETT,26.99,0,1706,3
1645,1,ACE OTHERS,WALTER STALLONE,13.99,0,1847,2
1646,16,ACE OUTBREAK,MARISA MCCONAUGHEY,29.99,0,550,1
1647,2,ACE OUTFIELD,LIZA DICAPRIO,14.99,0,1050,2
1648,10,ACE OUTLAW,WARREN PENN,26.99,0,44,2
1649,7,ACE OZ,ZERO TAYLOR,22.99,0,714,3
1650,14,ACE PACIFIC,LIAM GARCIA,21.99,0,85,3
1651,3,ACE PACKER,JOAN DENIRO,10.99,0,133,2
1652,11,ACE PAJAMA,KATE HECHE,27.99,0,374,3
1653,9,ACE PANIC,MARLENE BOLGER,21.99,0,1562,2
1654,11,ACE PANKY,DAN TURNER,27.99,0,620,0
1655,8,ACE PANTHER,SALLY WAHLBERG,14.99,0,1924,2
1656,2,ACE PAPI,EMILY DEAN,23.99,0,1389,3
1657,4,ACE PARADISE,KENNETH RUSH,21.99,0,1025,0
1658,4,ACE PARIS,ANDY OLIVIER,20.99,0,1507,1
1659,13,ACE PARK,MINNIE JOHANSSON,25.99,0,1907,1
1660,3,ACE PARTY,JUDY KEATON,27.99,0,1356,3
1661,2,ACE PAST,REESE JACKMAN,12.99,0,1094,3
1662,16,ACE PATHS,DENNIS POSEY,20.99,0,1119,2
1663,3,ACE PATIENT,ANGELA HOPKINS,24.99,0,900,0
1664,16,ACE PATRIOT,RITA HACKMAN,24.99,0,352,0
1665,10,ACE PATTON,CHEVY KILMER,23.99,0,782,3
1666,5,ACE PAYCHECK,ANDY FINNEY,12.99,0,1473,1
1667,8,ACE PEACH,GLENN TEMPLE,11.99,0,321,0
1668,3,ACE PEAK,MICHAEL PACINO,15.99,0,1990,3
1669,3,ACE PEARL,JACK DIAZ,23.99,0,915,0
1670,15,ACE PELICAN,MARLON FISHER,22.99,0,1922,0
1671,11,ACE PERDITION,NICOLAS CARREY,27.99,0,1052,2
1672,4,ACE PERFECT,BRUCE HUNT,27.99,0,1075,2
1673,11,ACE PERSONAL,ROSIE GUINESS,21.99,0,1238,3
1674,7,ACE PET,JANE KUDROW,20.99,0,875,0
1675,7,ACE PHANTOM,DANIEL HAWKE,23.99,0,1590,0
1676,5,ACE PHILADELPHIA,WOODY BALL,15.99,0,616,1
1677,12,ACE PIANIST,OLYMPIA WAYNE,27.99,0,33,3
1678,6,ACE PICKUP,NATALIE WASHINGTON,17.99,0,1465,2
1679,4,ACE PILOT,LIAM MATTHAU,12.99,0,163,3
1680,2,ACE PINOCCHIO,NICOLAS KILMER,21.99,0,642,3
1681,15,ACE PIRATES,CANDICE SILVERSTONE,29.99,0,1414,2
1682,16,ACE PITTSBURGH,CHRISTOPHER CRUZ,23.99,0,125,1
1683,15,ACE PITY,HILARY HESTON,10.99,0,520,3
1684,1,ACE PIZZA,ROSIE WAYNE,20.99,0,259,3
1685,2,ACE PLATOON,EDWARD PALTROW,16.99,0,517,2
1686,2,ACE PLUTO,BOB VOIGHT,22.99,0,1982,2
1687,9,ACE POCUS,MERYL BARRYMORE,20.99,0,55,0
1688,7,ACE POLISH,LIV HUDSON,24.99,0,1378,3
1689,12,ACE POLLOCK,GWYNETH GARBO,20.99,0,1746,0
1690,2,ACE POND,ANGELA GABLE,12.99,0,29,3
1691,6,ACE POSEIDON,EDWARD TRACY,20.99,0,1975,1
1692,10,ACE POTLUCK,JACK HOPPER,20.99,0,1560,3
1693,6,ACE POTTER,EMILY SARANDON,27.99,0,272,3
1694,8,ACE PREJUDICE,DANIEL DENCH,29.99,0,1,2
1695,13,ACE PRESIDENT,HILARY LEWIS,19.99,0,184,1
1696,7,ACE PRIDE,BELA KEITEL,28.99,0,409,2
1697,5,ACE PRIMARY,RAY NICHOLSON,12.99,0,1984,0
1698,1,ACE PRINCESS,LANA PECK,16.99,0,1896,3
1699,10,ACE PRIVATE,CHRIS RYAN, 9.99,0,583,2
1700,3,ACE PRIX,SYLVESTER CHASE,28.99,0,954,3
1701,9,ACE PSYCHO,GINA CHAPLIN,10.99,0,58,2
1702,13,ACE PULP,NICK MOSTEL,17.99,0,82,0
1703,9,ACE PUNK,WOODY PESCI,21.99,0,1467,1
1704,7,ACE PURE,GINA KINNEAR,15.99,0,460,1
1705,4,ACE PURPLE,AL NEESON,11.99,0,1345,2
1706,14,ACE QUEEN,ANTHONY MATTHAU,21.99,0,913,3
1707,3,ACE QUEST,SYLVESTER MOORE,26.99,0,700,0
1708,1,ACE QUILLS,WILL OLIVIER,11.99,0,98,3
1709,13,ACE RACER,ZERO WRAY,12.99,0,767,2
1710,7,ACE RAGE,DARYL KUDROW,25.99,0,1814,1
1711,6,ACE RAGING,RUSSELL BASINGER,22.99,1,374,0
1712,13,ACE RAIDERS,SALLY SMITH,14.99,0,1917,3
1713,1,ACE RAINBOW,ETHAN PECK,18.99,0,903,3
1714,5,ACE RANDOM,MILLA MCDORMAND,21.99,0,754,1
1715,1,ACE RANGE,NEVE DREYFUSS,21.99,0,619,0
1716,7,ACE REAP,CLARK WALKEN,26.99,0,555,1
1717,13,ACE REAR,JODIE RICKMAN,14.99,0,947,2
1718,4,ACE REBEL,LIAM DUNST,15.99,0,54,3
1719,11,ACE RECORDS,DORIS SUVARI,19.99,0,1262,1
1720,11,ACE REDEMPTION,CANDICE KINNEAR,18.99,0,126,2
1721,9,ACE REDS,FAY BOGART,17.99,0,244,2
1722,9,ACE REEF,ROSIE SANDLER,24.99,0,1457,1
1723,3,ACE REIGN,RICHARD JOHANSSON,19.99,0,1031,0
1724,10,ACE REMEMBER,PENELOPE PACINO,25.99,0,1719,3
1725,15,ACE REQUIEM,MEG BALE,22.99,0,572,0
1726,15,ACE RESERVOIR,FAY HAWN,21.99,0,419,2
1727,10,ACE RESURRECTION,MEL ANISTON,23.99,0,961,0
1728,10,ACE REUNION,CLARK TOMEI,26.99,0,1950,1
1729,15,ACE RIDER,MICHAEL JACKMAN,29.99,0,364,0
1730,8,ACE RIDGEMONT,GRETA LEWIS,28.99,0,531,1
1731,3,ACE RIGHT,MARILYN BIRCH,23.99,0,1737,0
1732,3,ACE RINGS,JOHNNY DIETRICH,22.99,0,1999,2
1733,5,ACE RIVER,ANJELICA LANSBURY,26.99,0,1068,2
1734,14,ACE ROAD,SALMA CRONYN,13.99,0,31,0
1735,4,ACE ROBBERS,CHRISTIAN BAILEY,13.99,0,1610,1
1736,5,ACE ROBBERY,MAE POSEY,27.99,0,1576,1
1737,5,ACE ROCK,CHRISTOPHER MARTIN,25.99,0,814,3
1738,12,ACE ROCKETEER,CLARK DAY, 9.99,0,1331,3
1739,9,ACE ROCKY,SEAN SARANDON,17.99,0,611,1
1740,4,ACE ROLLERCOASTER,GREG EASTWOOD,10.99,0,1246,3
1741,12,ACE ROMAN,WILLEM JACKMAN,11.99,0,1587,2
1742,8,ACE ROOF,GENE WILSON,11.99,0,1506,2
1743,11,ACE ROOM,MICHAEL BEATTY,18.99,0,1740,3
1744,8,ACE ROOTS,LAURA BASINGER,23.99,0,1563,3
1745,14,ACE ROSES,CAMERON WAYNE,29.99,0,1099,1
1746,14,ACE ROUGE,VIVIEN WOOD,27.99,0,671,3
1747,4,ACE ROXANNE,RALPH MARTIN,19.99,0,805,3
1748,14,ACE RUGRATS,RALPH KINNEAR,23.99,0,432,1
1749,6,ACE RULES,PENELOPE PESCI,22.99,0,1528,0
1750,10,ACE RUN,CHRISTIAN CHASE,18.99,0,198,2
1751,10,ACE RUNAWAY,MARISA CROWE,16.99,0,1617,2
1752,13,ACE RUNNER,MATT PINKETT,25.99,0,1155,0
1753,2,ACE RUSH,ZERO NORTON,26.99,0,331,2
1754,2,ACE RUSHMORE,OLYMPIA TAUTOU,13.99,0,1693,0
1755,3,ACE SABRINA,HUME SWANK,16.99,0,215,0
1756,13,ACE SADDLE,RUSSELL BLANCHETT,20.99,0,583,1
1757,13,ACE SAGEBRUSH,HUGH FAWCETT,12.99,0,1312,1
1758,13,ACE SAINTS,RUSSELL PITT, 9.99,0,690,1
1759,9,ACE SALUTE,MILLA ROBBINS,22.99,0,820,3
1760,4,ACE SAMURAI,HUMPHREY FORD,15.99,0,1828,0
1761,14,ACE SANTA,GRETA PHOENIX,17.99,0,1123,2
1762,8,ACE SASSY,ZERO WATSON,24.99,0,1983,3
1763,8,ACE SATISFACTION,EMILY SORVINO,17.99,0,1191,0
1764,16,ACE SATURDAY,HUMPHREY DRIVER,11.99,0,955,0
1765,2,ACE SATURN,MARILYN BASINGER,22.99,0,1405,0
1766,4,ACE SAVANNAH,BRAD HOPE,22.99,0,539,0
1767,9,ACE SCALAWAG,JADA WASHINGTON,29.99,0,83,3
1768,2,ACE SCARFACE,JOAN DAY, 9.99,0,102,1
1769,13,ACE SCHOOL,GLENN RUSH,15.99,0,1737,0
1770,13,ACE SCISSORHANDS,JIM GARCIA,17.99,0,939,2
1771,10,ACE SCORPION,RAY DAMON,29.99,0,495,2
1772,11,ACE SEA,LISA DIETRICH,15.99,0,466,0
1773,13,ACE SEABISCUIT,CARMEN DAFOE,11.99,0,1592,2
1774,2,ACE SEARCHERS,KIRK MANSFIELD,22.99,0,1264,2
1775,13,ACE SEATTLE,HILARY CAGE,20.99,0,1379,3
1776,10,ACE SECRET,DEBBIE GUINESS,24.99,0,1588,1
1777,15,ACE SECRETARY,SYLVESTER MINELLI,15.99,0,485,0
1778,7,ACE SECRETS,INGRID BACALL,23.99,0,387,3
1779,4,ACE SENSE,ETHAN POITIER,19.99,0,1518,0
1780,14,ACE SENSIBILITY,JEREMY BRIDGES,22.99,0,376,1
1781,6,ACE SEVEN,OPRAH DRIVER,19.99,0,500,3
1782,13,ACE SHAKESPEARE,JOE KAHN,22.99,0,590,2
1783,10,ACE SHANE,ANNETTE WATSON,20.99,0,252,1
1784,5,ACE SHANGHAI,DEBBIE WINSLET,23.99,0,300,3
1785,1,ACE SHAWSHANK,ROBERT MARX,22.99,0,379,2
1786,15,ACE SHEPHERD,RUSSELL RICKMAN,29.99,0,452,2
1787,12,ACE SHINING,JOE BIRCH,20.99,0,733,3
1788,1,ACE SHIP,HUMPHREY MANSFIELD,13.99,0,214,1
1789,12,ACE SHOCK,THORA BALE,23.99,0,1372,3
1790,9,ACE SHOOTIST,KENNETH LOLLOBRIGIDA,10.99,0,1943,1
1791,5,ACE SHOW,CHRISTOPHER TANDY, 9.99,0,409,1
1792,10,ACE SHREK,BEN FISHER,13.99,0,1206,2
1793,13,ACE SHRUNK,SEAN WAYNE,28.99,0,23,0
1794,7,ACE SIDE,SYLVESTER DERN,16.99,0,669,2
1795,13,ACE SIEGE,VAL MONROE,11.99,0,414,3
1796,12,ACE SIERRA,DENZEL MARTIN,19.99,0,960,1
1797,10,ACE SILENCE,ELLEN JOHANSSON,24.99,0,88,0
1798,15,ACE SILVERADO,RENEE WALKEN,16.99,0,1188,0
1799,4,ACE SIMON,RICHARD FISHER,20.99,0,554,2
1800,12,ACE SINNERS,EWAN PACINO,13.99,0,29,1
1801,5,ACE SISTER,CHARLES LAW,18.99,0,767,2
1802,11,ACE SKY,INGRID HUSTON,12.99,0,355,0
1803,12,ACE SLACKER,RENEE PHOENIX,27.99,0,1589,3
1804,6,ACE SLEEPING,ROSIE COSTNER,18.99,0,1476,0
1805,5,ACE SLEEPLESS,ALBERT CROWE,13.99,0,1443,2
1806,11,ACE SLEEPY,OLYMPIA REYNOLDS,24.99,0,622,0
1807,3,ACE SLEUTH,BETTE SARANDON,13.99,0,1472,0
1808,10,ACE SLING,BEN MCKELLEN,13.99,0,312,3
1809,2,ACE SLIPPER,MATT PRESLEY,16.99,0,106,1
1810,3,ACE SLUMS,HUMPHREY TORN,28.99,0,225,0
1811,2,ACE SMILE,FAY MALDEN,29.99,0,1259,3
1812,4,ACE SMOKING,JOHN CAGE,17.99,0,181,0
1813,9,ACE SMOOCHY,CHEVY HOPPER,15.99,0,1665,2
1814,6,ACE SNATCH,KENNETH DIETRICH,22.99,0,218,0
1815,10,ACE SNATCHERS,JOAN ASTAIRE,25.99,0,1365,1
1816,10,ACE SNOWMAN,MINNIE TAYLOR, 9.99,0,1711,0
1817,10,ACE SOLDIERS,PAUL BOLGER,21.99,0,1322,2
1818,13,ACE SOMETHING,ALBERT BULLOCK,13.99,0,1259,1
1819,1,ACE SONG,SANDRA SILVERSTONE,15.99,0,1852,3
1820,9,ACE SONS,PARKER GOLDBERG,21.99,0,1985,0
1821,7,ACE SORORITY,UMA WAHLBERG,29.99,0,1195,3
1822,11,ACE SOUP,GENE CRUISE,22.99,0,118,2
1823,15,ACE SOUTH,MEL FINNEY,24.99,0,1442,3
1824,16,ACE SPARTACUS,KIRK ZELLWEGER,12.99,0,1559,2
1825,16,ACE SPEAKEASY,ANGELINA HOPKINS,27.99,0,1390,0
1826,7,ACE SPEED,GENE GOLDBERG,27.99,0,819,2
1827,12,ACE SPICE,WOODY ODONNELL,22.99,0,939,1
1828,13,ACE SPIKING,WOODY RUSSELL,15.99,0,468,1
1829,5,ACE SPINAL,DUSTIN BAILEY,27.99,0,1702,1
1830,2,ACE SPIRIT,LEONARDO WRAY,13.99,0,370,2
1831,9,ACE SPIRITED,FARRAH CARREY,24.99,0,1750,2
1832,1,ACE SPLASH,KATHARINE MCGREGOR,23.99,0,1664,2
1833,11,ACE SPLENDOR,TOM BLOOM,28.99,0,1122,3
1834,3,ACE SPOILERS,EWAN HARRIS,12.99,0,14,1
1835,5,ACE SPY,JEFF ROBERTS,15.99,0,1190,3
1836,10,ACE SQUAD,LISA PFEIFFER,19.99,0,1307,2
1837,5,ACE STAGE,INGRID ROBERTS,25.99,0,1364,0
1838,12,ACE STAGECOACH,WALTER NORTON,28.99,0,1927,1
1839,15,ACE STALLION,RUBY MINELLI,10.99,0,1262,1
1840,8,ACE STAMPEDE,KIRSTEN DEGENERES,22.99,0,367,0
1841,14,ACE STAR,UMA ZELLWEGER,11.99,0,1567,1
1842,12,ACE STATE,ADAM CHAPLIN, 9.99,0,323,3
1843,14,ACE STEEL,GROUCHO LANCASTER,10.99,0,592,0
1844,16,ACE STEERS,NATALIE DAY-LEWIS,14.99,0,958,0
1845,4,ACE STEPMOM,SISSY KEITEL,11.99,0,389,0
1846,16,ACE STING,LIZA DIETRICH,17.99,0,882,0
1847,4,ACE STOCK,RALPH GOODING,10.99,0,216,1
1848,14,ACE STONE,CLARK MOORE,19.99,0,1848,3
1849,6,ACE STORM,JODIE DAMON,18.99,0,658,2
1850,15,ACE STORY,SOPHIA WITHERSPOON,23.99,0,1456,0
1851,13,ACE STRAIGHT,RITA DAY-LEWIS,22.99,0,901,3
1852,14,ACE STRANGELOVE,PENELOPE PHOENIX,28.99,0,586,2
1853,6,ACE STRANGER,ELVIS WASHINGTON,14.99,0,786,3
1854,11,ACE STRANGERS,GWYNETH RICKMAN,27.99,0,1968,3
1855,8,ACE STREAK,NICOLE DENCH,29.99,0,692,3
1856,6,ACE STREETCAR,DIANE CAINE,26.99,0,676,0
1857,13,ACE STRICTLY,GENE GARBO,23.99,0,113,0
1858,13,ACE SUBMARINE,CHARLES LEIGH,13.99,0,475,2
1859,15,ACE SUGAR,CARRIE MCDORMAND,22.99,0,361,2
1860,14,ACE SUICIDES,GREGORY KINNEAR,18.99,0,1244,1
1861,12,ACE SUIT,ANNETTE BERGMAN,15.99,0,392,2
1862,16,ACE SUMMER,HUMPHREY WAHLBERG,13.99,0,1294,0
1863,5,ACE SUN,MILLA GABLE,25.99,0,1461,0
1864,9,ACE SUNDANCE,PEARL BERGEN,22.99,0,1620,3
1865,2,ACE SUNRISE,MERYL DUKAKIS,23.99,0,580,0
1866,15,ACE SUNSET,BRUCE GARLAND,10.99,0,161,2
1867,15,ACE SUPER,MATT DOUGLAS,10.99,0,660,2
1868,3,ACE SUPERFLY,ALICIA SARANDON,26.99,0,301,1
1869,15,ACE SUSPECTS,DENZEL LUGOSI, 9.99,0,1143,3
1870,14,ACE SWARM,KATE JOLIE,26.99,0,339,0
1871,12,ACE SWEDEN,MAE DEE,28.99,0,1057,2
1872,2,ACE SWEET,AUDREY FISHER,23.99,0,698,1
1873,15,ACE SWEETHEARTS,ALEC SUVARI,18.99,0,1039,2
1874,9,ACE TADPOLE,ANNETTE POSEY,13.99,0,627,1
1875,13,ACE TALENTED,HUGH LEIGH,26.99,0,144,2
1876,6,ACE TARZAN,KATHARINE CRAWFORD,27.99,0,1127,3
1877,16,ACE TAXI,ANDY BAILEY,19.99,0,1598,3
1878,7,ACE TEEN,ETHAN DENCH, 9.99,0,1196,1
1879,11,ACE TELEGRAPH,ROBERT ZELLWEGER,24.99,0,1125,2
1880,1,ACE TELEMARK,MADELINE DENIRO,26.99,0,1482,3
1881,4,ACE TEMPLE,EDWARD PITT,11.99,0,448,2
1882,2,ACE TENENBAUMS,TOM ROBBINS,27.99,0,193,2
1883,10,ACE TEQUILA,WHOOPI ZELLWEGER,17.99,0,1273,2
1884,11,ACE TERMINATOR,ROBIN BRANDO,26.99,0,14,1
1885,3,ACE TEXAS,SANDRA FISHER,16.99,0,1714,2
1886,2,ACE THEORY,DANIEL GUINESS, 9.99,0,1060,1
1887,7,ACE THIEF,RALPH PESCI,15.99,0,1999,1
1888,9,ACE THIN,JOHN CRONYN,23.99,0,659,2
1889,6,ACE TIES,OPRAH KINNEAR,27.99,0,1642,1
1890,12,ACE TIGHTS,CHEVY IRONS,25.99,0,1493,0
1891,5,ACE TIMBERLAND,JODIE MONROE,18.99,0,339,3
1892,14,ACE TITANIC,IAN POSEY,15.99,0,365,1
1893,3,ACE TITANS,HELEN FISHER,27.99,0,1867,0
1894,10,ACE TOMATOES,JACK TRACY,20.99,0,1978,3
1895,4,ACE TOMORROW,SALLY WATSON, 9.99,0,540,0
1896,10,ACE TOOTSIE,KARL PRESLEY,14.99,0,829,2
1897,6,ACE TORQUE,ALICIA TAUTOU,19.99,0,1482,2
1898,15,ACE TOURIST,MILLA AKROYD,12.99,0,853,3
1899,7,ACE TOWERS,ROBERT PALTROW,29.99,0,1422,2
1900,14,ACE TOWN,OLYMPIA HOPKINS,15.99,0,116,1
1901,2,ACE TRACY,JODIE KEATON,17.99,0,127,3
1902,10,ACE TRADING,CATE DENCH,16.99,0,1830,1
1903,15,ACE TRAFFIC,GOLDIE DAFOE,28.99,0,225,3
1904,4,ACE TRAIN,ALBERT NEWMAN,24.99,0,561,3
1905,6,ACE TRAINSPOTTING,ROBIN MARTIN,17.99,0,1254,3
1906,5,ACE TRAMP,DUSTIN BERGMAN,15.99,0,901,0
1907,6,ACE TRANSLATION,NICOLE BRANDO, 9.99,0,603,3
1908,2,ACE TRAP,ROCK WEST,13.99,0,422,1
1909,16,ACE TREASURE,REESE SPACEK,18.99,0,1782,3
1910,4,ACE TREATMENT,GLENN SINATRA,24.99,0,583,1
1911,15,ACE TRIP,GEOFFREY TAYLOR,15.99,0,1478,3
1912,14,ACE TROJAN,CHARLIZE DAFOE,20.99,0,1701,0
1913,11,ACE TROOPERS,ANGELA DUNST,16.99,0,1314,3
1914,10,ACE TROUBLE,GLENN FORD,28.99,0,434,1
1915,6,ACE TRUMAN,HENRY GOODING,10.99,0,422,3
1916,2,ACE TURN,ROBIN CAINE,14.99,0,1582,1
1917,4,ACE TUXEDO,SISSY MIRANDA,21.99,0,1108,0
1918,9,ACE TWISTED,LENA BARRYMORE,18.99,0,1772,2
1919,16,ACE TYCOON,CATE TYLER,18.99,0,260,2
1920,1,ACE UNBREAKABLE,REESE DENIRO,11.99,0,1922,1
1921,15,ACE UNCUT,CARY NOLTE,28.99,0,1991,0
1922,11,ACE UNDEFEATED,SOPHIA DAVIS,25.99,0,1540,2
1923,13,ACE UNFAITHFUL,LANA KEITEL,13.99,0,592,2
1924,1,ACE UNFORGIVEN,SALMA HEPBURN,21.99,0,221,3
1925,14,ACE UNITED,ZERO ROBERTS,29.99,0,1398,1
1926,6,ACE UNTOUCHABLES,CAMERON ASTAIRE,21.99,0,1253,0
1927,8,ACE UPRISING,HUMPHREY WALKEN,14.99,0,903,2
1928,6,ACE UPTOWN,HILARY BLOOM,19.99,0,532,2
1929,8,ACE USUAL,ELIZABETH FIELD,14.99,0,733,2
1930,11,ACE VACATION,MICHELLE GIBSON,16.99,0,1963,2
1931,11,ACE VALENTINE,MEL BASINGER,17.99,0,962,0
1932,14,ACE VALLEY,VIVIEN SWANK,11.99,0,1719,0
1933,11,ACE VAMPIRE,IAN PINKETT,10.99,0,1230,1
1934,8,ACE VANILLA,MATT STREEP,18.99,0,1186,2
1935,9,ACE VANISHED,MICHELLE DAY,19.99,0,1196,0
1936,4,ACE VANISHING,SCARLETT PALTROW,13.99,0,1528,1
1937,14,ACE VARSITY,UMA EASTWOOD,29.99,0,1505,3
1938,5,ACE VELVET,UMA THERON,24.99,0,717,0
1939,2,ACE VERTIGO,CHARLES CROWE,12.99,0,721,3
1940,16,ACE VICTORY,ANJELICA MONROE,25.99,0,1890,3
1941,8,ACE VIDEOTAPE,KIRSTEN BEATTY,23.99,0,993,3
1942,4,ACE VIETNAM,SOPHIA KUDROW,29.99,0,1282,2
1943,8,ACE VILLAIN,SHIRLEY BARRYMORE,24.99,0,1721,1
1944,13,ACE VIRGIN,RIP PINKETT,10.99,0,1901,1
1945,7,ACE VIRGINIAN,JOE DEPP,12.99,0,440,0
1946,4,ACE VIRTUAL,BELA WASHINGTON,20.99,0,957,3
1947,15,ACE VISION,KARL CAINE,11.99,0,1864,3
1948,7,ACE VOICE,DENZEL LEIGH,22.99,0,1915,1
1949,13,ACE VOLCANO,MARILYN PACINO,28.99,0,1662,3
1950,11,ACE VOLUME,LIZA MCGREGOR,25.99,1,1295,0
1951,16,ACE VOYAGE,ALAN WITHERSPOON,18.99,0,1440,2
1952,3,ACE WAGON,LUCILLE BIRCH,18.99,0,1189,3
1953,6,ACE WAIT,ROSIE DAY-LEWIS,16.99,0,1735,3
1954,12,ACE WAKE,MENA DAY, 9.99,0,97,1
1955,9,ACE WALLS,GROUCHO JOVOVICH,26.99,0,904,2
1956,15,ACE WANDA,SIDNEY ROBBINS,19.99,0,516,1
1957,1,ACE WAR,SALMA NOLTE,17.99,0,1818,0
1958,6,ACE WARDROBE,DUSTIN DREYFUSS,23.99,0,764,3
1959,16,ACE WARLOCK,UMA GIBSON,18.99,0,1528,0
1960,11,ACE WARS,WALTER BRANDO,13.99,0,282,1
1961,16,ACE WASH,FRANCES THURMAN,27.99,0,1797,3
1962,6,ACE WASTELAND,JESSICA WAHLBERG,15.99,0,1172,1
1963,12,ACE WATCH,HUGH STREEP,21.99,0,828,3
1964,12,ACE WATERFRONT,GLENN GARCIA,27.99,0,1390,2
1965,6,ACE WATERSHIP,HILARY PESCI,22.99,0,924,1
1966,4,ACE WEDDING,GOLDIE COSTNER,13.99,0,2,1
1967,6,ACE WEEKEND,JAYNE WILLIAMS,16.99,0,1465,3
1968,6,ACE WEREWOLF,CARMEN KAHN,15.99,0,1480,1
1969,5,ACE WEST,LAURENCE RYDER,13.99,0,1651,2
1970,7,ACE WESTWARD,HENRY GARLAND,23.99,0,1461,1
1971,13,ACE WHALE,MIRA FORD,20.99,0,1312,3
1972,3,ACE WHISPERER,CHARLES KIDMAN,18.99,0,1890,1
1973,11,ACE WIFE,SCARLETT BOLGER,14.99,0,847,3
1974,3,ACE WILD,HUME TEMPLE,14.99,0,343,2
1975,11,ACE WILLOW,AUDREY MANSFIELD,10.99,0,1363,0
1976,3,ACE WIND,OLYMPIA PHOENIX,26.99,0,1793,2
1977,12,ACE WINDOW,ROCK RICKMAN,17.99,0,1575,3
1978,7,ACE WISDOM,WARREN DAY,12.99,0,351,0
1979,10,ACE WITCHES,ETHAN LANCASTER,22.99,0,1181,3
1980,4,ACE WIZARD,WARREN FORD,27.99,0,948,1
1981,2,ACE WOLVES,KEVIN MARX,22.99,0,1631,1
1982,1,ACE WOMEN,LIV WEAVER,23.99,0,1632,0
1983,15,ACE WON,LANA CAINE,22.99,0,562,2
1984,1,ACE WONDERFUL,JOHNNY BOLGER,28.99,0,1499,2
1985,12,ACE WONDERLAND,WALTER GRANT,24.99,0,11,2
1986,10,ACE WONKA,LIAM GRANT,29.99,0,455,2
1987,15,ACE WORDS,CHRISTOPHER HACKMAN,10.99,0,1119,3
1988,6,ACE WORKER,DREW BRANDO,19.99,0,263,3
1989,11,ACE WORKING,BOB MALDEN,22.99,0,1524,2
1990,16,ACE WORLD,ROBIN LUGOSI,21.99,0,967,3
1991,6,ACE WORST,VIVIEN GARLAND,27.99,0,456,1
1992,5,ACE WRATH,SEAN KELLY,16.99,0,1947,3
1993,12,ACE WRONG,OPRAH MINELLI,15.99,0,705,3
1994,9,ACE WYOMING,CHRISTIAN KEITEL,13.99,0,1977,2
1995,14,ACE YENTL,KATHARINE CHAPLIN,23.99,0,631,0
1996,1,ACE YOUNG,CARRIE HURT,22.99,0,724,1
1997,14,ACE YOUTH,VAL CRUZ,16.99,0,1247,3
1998,8,ACE ZHIVAGO,LIZA WINFREY, 9.99,0,689,1
1999,11,ACE ZOOLANDER,CATE CAMPBELL,17.99,0,1587,3
2000,9,ACE ZORRO,FRANK SOBIESKI,14.99,0,612,3
